# GPSW,GPSSoW,latitude(deg),longitude(deg),height(m),sdn(m),sde(m),sdu(m)
2134,45600.000000,41.6428205930,2.3526809210,251.51230,0.1624,0.0958,0.2285
2134,45601.000000,41.6428045190,2.3527622190,251.54410,0.1485,0.0915,0.2275
2134,45602.000000,41.6427893080,2.3528424300,251.56100,0.1500,0.0917,0.2278
2134,45603.000000,41.6427754570,2.3529199180,251.59140,0.1508,0.0918,0.2278
2134,45604.000000,41.6427618180,2.3529937980,251.60550,0.1516,0.0918,0.2278
2134,45605.000000,41.6427475070,2.3530645010,251.54670,0.1520,0.0919,0.2278
2134,45606.000000,41.6427336070,2.3531329550,251.56070,0.1532,0.0919,0.2279
2134,45607.000000,41.6427197630,2.3531992500,251.57580,0.1539,0.0919,0.2278
2134,45608.000000,41.6427063530,2.3532669150,251.60340,0.1554,0.0921,0.2280
2134,45609.000000,41.6426916200,2.3533405080,251.60690,0.1566,0.0922,0.2280
2134,45610.000000,41.6426770830,2.3534186550,251.58450,0.1579,0.0922,0.2280
2134,45611.000000,41.6426620750,2.3535000610,251.60530,0.1588,0.0923,0.2280
2134,45612.000000,41.6426462360,2.3535846720,251.63600,0.1596,0.0923,0.2280
2134,45613.000000,41.6426301890,2.3536693610,251.63280,0.1601,0.0924,0.2279
2134,45614.000000,41.6426151770,2.3537524890,251.61690,0.1611,0.0924,0.2281
2134,45615.000000,41.6426003970,2.3538326040,251.53500,0.1614,0.0924,0.2281
2134,45616.000000,41.6425867350,2.3539090680,251.54740,0.1623,0.0925,0.2281
2134,45617.000000,41.6425725650,2.3539817880,251.62900,0.1629,0.0925,0.2281
2134,45618.000000,41.6425591030,2.3540489690,251.78230,0.1633,0.0925,0.2281
2134,45619.000000,41.6425466830,2.3541160990,251.85860,0.1624,0.0923,0.2278
2134,45620.000000,41.6425335320,2.3541900120,251.87640,0.1627,0.0923,0.2278
2134,45621.000000,41.6425196650,2.3542727910,251.94370,0.1629,0.0923,0.2278
2134,45622.000000,41.6425045030,2.3543590460,252.00380,0.1630,0.0923,0.2278
2134,45623.000000,41.6424859710,2.3544469930,252.06890,0.1633,0.0922,0.2281
2134,45624.000000,41.6424664650,2.3545363970,252.14360,0.1633,0.0922,0.2281
2134,45625.000000,41.6424487220,2.3546269190,252.18500,0.1637,0.0923,0.2283
2134,45626.000000,41.6424328770,2.3547169980,252.21530,0.1635,0.0923,0.2283
2134,45627.000000,41.6424187580,2.3548047070,252.30040,0.1631,0.0922,0.2283
2134,45628.000000,41.6424073480,2.3548877650,252.33640,0.1630,0.0922,0.2283
2134,45629.000000,41.6423980990,2.3549642050,252.33800,0.1619,0.0921,0.2283
2134,45630.000000,41.6423914390,2.3550312990,252.34860,0.1616,0.0921,0.2283
2134,45631.000000,41.6423867690,2.3550846960,252.40930,0.1612,0.0921,0.2279
2134,45632.000000,41.6423834550,2.3551268670,252.45060,0.1610,0.0921,0.2279
2134,45633.000000,41.6423808490,2.3551597740,252.48650,0.1607,0.0921,0.2279
2134,45634.000000,41.6423770120,2.3551848140,252.52190,0.1603,0.0920,0.2279
2134,45635.000000,41.6423714220,2.3552008990,252.50480,0.1598,0.0920,0.2279
2134,45636.000000,41.6423644020,2.3552115160,252.47550,0.1593,0.0920,0.2279
2134,45637.000000,41.6423529590,2.3552220910,252.47430,0.1582,0.0918,0.2276
2134,45638.000000,41.6423330690,2.3552299430,252.49460,0.1579,0.0919,0.2278
2134,45639.000000,41.6423023600,2.3552363530,252.55170,0.1572,0.0918,0.2280
2134,45640.000000,41.6422608210,2.3552402030,252.49360,0.1567,0.0918,0.2286
2134,45641.000000,41.6422074950,2.3552435210,252.42600,0.1566,0.0919,0.2291
2134,45642.000000,41.6421475000,2.3552463110,252.30730,0.1564,0.0919,0.2291
2134,45643.000000,41.6420843600,2.3552483100,252.26260,0.1563,0.0919,0.2292
2134,45644.000000,41.6420195010,2.3552504670,252.17230,0.1561,0.0919,0.2293
2134,45645.000000,41.6419532870,2.3552525420,252.10750,0.1559,0.0919,0.2294
2134,45646.000000,41.6418860570,2.3552559630,251.88260,0.1556,0.0919,0.2291
2134,45647.000000,41.6418174670,2.3552580930,251.84230,0.1553,0.0919,0.2291
2134,45648.000000,41.6417482230,2.3552605890,251.71690,0.1550,0.0919,0.2284
2134,45649.000000,41.6416789970,2.3552616110,251.58970,0.1544,0.0918,0.2274
2134,45650.000000,41.6416112970,2.3552640060,251.35790,0.1542,0.0919,0.2277
2134,45651.000000,41.6415441960,2.3552651020,251.51510,0.1538,0.0919,0.2279
2134,45652.000000,41.6414772240,2.3552667580,251.39940,0.1536,0.0918,0.2285
2134,45653.000000,41.6414084310,2.3552689730,251.23490,0.1531,0.0918,0.2288
2134,45654.000000,41.6413366040,2.3552721630,251.01080,0.1526,0.0919,0.2278
2134,45655.000000,41.6412620050,2.3552751480,250.77310,0.1518,0.0917,0.2267
2134,45656.000000,41.6411857020,2.3552774120,250.58020,0.1513,0.0917,0.2271
2134,45657.000000,41.6411082590,2.3552785260,250.42970,0.1508,0.0917,0.2275
2134,45658.000000,41.6410307400,2.3552797070,250.22750,0.1505,0.0916,0.2282
2134,45659.000000,41.6409539460,2.3552805360,250.00920,0.1499,0.0916,0.2284
2134,45660.000000,41.6408779090,2.3552823340,249.85540,0.1493,0.0917,0.2279
2134,45661.000000,41.6408030240,2.3552849500,249.64280,0.1485,0.0916,0.2256
2134,45662.000000,41.6407342640,2.3552881330,249.66100,0.1481,0.0914,0.2250
2134,45663.000000,41.6406737290,2.3552914820,249.63300,0.1483,0.0915,0.2249
2134,45664.000000,41.6406155920,2.3552925790,249.88400,0.1479,0.0913,0.2245
2134,45665.000000,41.6405559300,2.3552943660,249.88880,0.1477,0.0913,0.2244
2134,45667.000000,41.6404209260,2.3552991730,249.64160,0.1472,0.0910,0.2238
2134,45668.000000,41.6403462740,2.3553022490,249.50210,0.1474,0.0911,0.2239
2134,45669.000000,41.6402679600,2.3553052220,249.37380,0.1473,0.0911,0.2241
2134,45670.000000,41.6401869550,2.3553082270,249.25720,0.1473,0.0911,0.2242
2134,45671.000000,41.6401054060,2.3553106160,249.13300,0.1473,0.0911,0.2244
2134,45672.000000,41.6400249620,2.3553129580,248.99640,0.1474,0.0911,0.2248
2134,45673.000000,41.6399469310,2.3553155240,248.85400,0.1475,0.0911,0.2255
2134,45674.000000,41.6398705080,2.3553180670,248.70890,0.1477,0.0912,0.2264
2134,45675.000000,41.6397982170,2.3553195690,248.57600,0.1477,0.0912,0.2268
2134,45676.000000,41.6397324960,2.3553198190,248.55580,0.1477,0.0912,0.2255
2134,45677.000000,41.6396739270,2.3553170790,248.48660,0.1480,0.0914,0.2261
2134,45678.000000,41.6396265710,2.3553148150,248.62070,0.1480,0.0913,0.2226
2134,45679.000000,41.6395920090,2.3553140540,248.70550,0.1477,0.0910,0.2217
2134,45680.000000,41.6395662790,2.3553122460,248.71790,0.1475,0.0908,0.2211
2134,45681.000000,41.6395484020,2.3553095890,248.73950,0.1475,0.0906,0.2207
2134,45682.000000,41.6395433080,2.3553088210,248.77050,0.1479,0.0907,0.2208
2134,45683.000000,41.6395436380,2.3553088580,248.76610,0.1480,0.0907,0.2208
2134,45684.000000,41.6395423930,2.3553086100,248.74970,0.1480,0.0907,0.2208
2134,45685.000000,41.6395327090,2.3553065260,248.69490,0.1476,0.0907,0.2207
2134,45686.000000,41.6395164330,2.3553030350,248.67720,0.1476,0.0907,0.2210
2134,45687.000000,41.6394975060,2.3553000590,248.64430,0.1476,0.0917,0.2218
2134,45688.000000,41.6394765860,2.3552944630,248.68780,0.1478,0.0917,0.2231
2134,45689.000000,41.6394547020,2.3552899060,248.92780,0.1481,0.0926,0.2267
2134,45690.000000,41.6394288980,2.3552842270,248.64370,0.1482,0.1014,0.2233
2134,45691.000000,41.6393931200,2.3552720070,248.23390,0.1488,0.0911,0.2192
2134,45692.000000,41.6393454680,2.3552612780,247.81130,0.1492,0.0915,0.2215
2134,45693.000000,41.6392933650,2.3552478250,247.44210,0.1494,0.0920,0.2259
2134,45694.000000,41.6392349100,2.3552325600,247.02650,0.1490,0.0914,0.2281
2134,45695.000000,41.6391727270,2.3552158170,246.67930,0.1490,0.0912,0.2311
2134,45696.000000,41.6391076530,2.3552019330,245.54640,0.1523,0.0967,0.3226
2134,45697.000000,41.6390422790,2.3551837470,245.53400,0.1552,0.1076,0.3057
2134,45703.000000,41.6386751630,2.3550828640,247.93860,0.0784,0.0711,0.1830
2134,45704.000000,41.6386354920,2.3550807900,248.88740,0.0777,0.0695,0.1805
2134,45705.000000,41.6386078360,2.3550832580,248.84760,0.0772,0.0686,0.1769
2134,45706.000000,41.6385958960,2.3550853710,248.82510,0.0772,0.0686,0.1770
2134,45707.000000,41.6385918840,2.3550860130,248.78360,0.0772,0.0686,0.1769
2134,45708.000000,41.6385918300,2.3550860760,248.82010,0.0772,0.0686,0.1763
2134,45709.000000,41.6385918070,2.3550860480,248.82790,0.0770,0.0685,0.1752
2134,45710.000000,41.6385918360,2.3550860040,248.82340,0.0770,0.0685,0.1752
2134,45711.000000,41.6385918570,2.3550860140,248.81950,0.0770,0.0685,0.1753
2134,45712.000000,41.6385918930,2.3550860150,248.81760,0.0770,0.0685,0.1753
2134,45713.000000,41.6385916190,2.3550860970,248.80270,0.0771,0.0685,0.1753
2134,45714.000000,41.6385913650,2.3550861370,248.79350,0.0771,0.0686,0.1754
2134,45715.000000,41.6385914350,2.3550862460,248.79170,0.0771,0.0686,0.1755
2134,45716.000000,41.6385881420,2.3550867190,248.74780,0.0771,0.0686,0.1754
2134,45717.000000,41.6385806470,2.3550880790,248.69750,0.0771,0.0686,0.1754
2134,45718.000000,41.6385720090,2.3550902310,248.68920,0.0771,0.0687,0.1754
2134,45719.000000,41.6385625030,2.3550925800,248.67600,0.0772,0.0688,0.1756
2134,45720.000000,41.6385495680,2.3550952310,248.68470,0.0772,0.0688,0.1756
2134,45721.000000,41.6385307390,2.3550992430,248.67750,0.0772,0.0688,0.1756
2134,45722.000000,41.6385038420,2.3551051210,248.57780,0.0773,0.0689,0.1756
2134,45723.000000,41.6384711700,2.3551142930,248.35020,0.0774,0.0690,0.1756
2134,45724.000000,41.6384359060,2.3551255350,248.59040,0.0773,0.0690,0.1757
2134,45725.000000,41.6384060710,2.3551425730,248.78900,0.0775,0.0692,0.1759
2134,45726.000000,41.6383837780,2.3551525590,248.74220,0.0774,0.0692,0.1760
2134,45727.000000,41.6383638620,2.3551588730,248.51790,0.0776,0.0695,0.1759
2134,45728.000000,41.6383460030,2.3551510980,248.31390,0.0775,0.0687,0.1754
2134,45729.000000,41.6383343990,2.3551217770,247.08210,0.0778,0.0687,0.1761
2134,45730.000000,41.6383236960,2.3550892430,246.08450,0.0781,0.0695,0.1768
2134,45731.000000,41.6383126670,2.3550706060,246.25010,0.0786,0.0702,0.1768
2134,45732.000000,41.6383045590,2.3550478550,246.84190,0.0784,0.0696,0.1747
2134,45733.000000,41.6382961400,2.3550271720,247.49610,0.0765,0.0694,0.1733
2134,45734.000000,41.6382882600,2.3550100650,248.39740,0.0787,0.0696,0.1755
2134,45735.000000,41.6382770030,2.3549968650,248.88010,0.0780,0.0696,0.1753
2134,45736.000000,41.6382673450,2.3549767100,248.27620,0.0785,0.0697,0.1759
2134,45737.000000,41.6382589420,2.3549552800,247.99620,0.0796,0.0704,0.1760
2134,45738.000000,41.6382533440,2.3549324810,247.98770,0.0812,0.0743,0.1738
2134,45739.000000,41.6382456620,2.3549219490,248.34230,0.0763,0.0682,0.1723
2134,45740.000000,41.6382378090,2.3549061230,248.46140,0.0765,0.0677,0.1722
2134,45741.000000,41.6382262140,2.3548825390,248.69540,0.0765,0.0676,0.1720
2134,45742.000000,41.6382149090,2.3548491610,248.64530,0.0766,0.0676,0.1720
2134,45743.000000,41.6382049640,2.3548071490,248.27010,0.0763,0.0677,0.1720
2134,45744.000000,41.6381979270,2.3547590490,247.49790,0.0765,0.0678,0.1723
2134,45745.000000,41.6381993370,2.3546855770,245.77230,0.0769,0.0683,0.1737
2134,45746.000000,41.6381905560,2.3546367670,245.64610,0.0771,0.0684,0.1730
2134,45751.000000,41.6381370460,2.3543801390,243.80120,0.0770,0.0681,0.1704
2134,45752.000000,41.6381255930,2.3543259250,243.93930,0.0768,0.0629,0.1692
2134,45753.000000,41.6381134800,2.3542723890,244.41900,0.0768,0.0621,0.1686
2134,45754.000000,41.6381032700,2.3542172980,244.24340,0.0770,0.0620,0.1685
2134,45755.000000,41.6380953340,2.3541718150,244.30940,0.0773,0.0620,0.1685
2134,45756.000000,41.6380948490,2.3541310600,244.69190,0.0769,0.0619,0.1684
2134,45757.000000,41.6380878370,2.3540834180,244.93130,0.0731,0.0616,0.1682
2134,45758.000000,41.6380767340,2.3540316590,244.86180,0.0727,0.0616,0.1682
2134,45759.000000,41.6380665440,2.3539785750,244.79840,0.0728,0.0616,0.1681
2134,45760.000000,41.6380559360,2.3539260540,244.77930,0.0733,0.0616,0.1680
2134,45761.000000,41.6380457190,2.3538750830,244.78050,0.0732,0.0613,0.1679
2134,45762.000000,41.6380350500,2.3538256330,244.70960,0.0734,0.0617,0.1682
2134,45763.000000,41.6380243760,2.3537822600,244.78310,0.0736,0.0608,0.1686
2134,45764.000000,41.6380146630,2.3537383010,244.60100,0.0739,0.0618,0.1700
2134,45765.000000,41.6380043490,2.3536946630,243.83410,0.0750,0.0673,0.1766
2134,45766.000000,41.6379973400,2.3536680470,244.72800,0.0752,0.0587,0.1702
2134,45767.000000,41.6379927450,2.3536375340,244.99310,0.0715,0.0588,0.1651
2134,45768.000000,41.6379866360,2.3536078180,245.08100,0.0721,0.0581,0.1658
2134,45769.000000,41.6379806410,2.3535763440,245.47210,0.0697,0.0563,0.1613
2134,45770.000000,41.6379722120,2.3535354260,245.49470,0.0675,0.0563,0.1589
2134,45771.000000,41.6379599510,2.3534864300,245.12870,0.0684,0.0560,0.1624
2134,45772.000000,41.6379499030,2.3534275330,245.50310,0.0641,0.0561,0.1563
2134,45775.000000,41.6379066990,2.3532239700,248.08080,0.0632,0.0553,0.1527
2134,45776.000000,41.6378920110,2.3531515460,246.86150,0.0632,0.0552,0.1522
2134,45777.000000,41.6378784660,2.3530786620,246.85170,0.0633,0.0554,0.1523
2134,45778.000000,41.6378667180,2.3530125240,246.70620,0.0636,0.0557,0.1523
2134,45779.000000,41.6378569030,2.3529597220,246.48870,0.0634,0.0552,0.1513
2134,45780.000000,41.6378499640,2.3529232190,246.44360,0.0634,0.0552,0.1514
2134,45781.000000,41.6378459430,2.3529022020,246.40310,0.0634,0.0552,0.1514
2134,45782.000000,41.6378427700,2.3528907990,246.34970,0.0635,0.0553,0.1515
2134,45783.000000,41.6378404410,2.3528843350,246.29760,0.0636,0.0553,0.1516
2134,45784.000000,41.6378351030,2.3528710980,246.22820,0.0637,0.0554,0.1518
2134,45785.000000,41.6378178430,2.3528478680,246.09970,0.0639,0.0556,0.1521
2134,45786.000000,41.6377857560,2.3528314260,245.96300,0.0643,0.0561,0.1527
2134,45787.000000,41.6377431510,2.3528319650,245.61510,0.0647,0.0551,0.1530
2134,45788.000000,41.6376963430,2.3528384270,245.35100,0.0651,0.0553,0.1539
2134,45789.000000,41.6376471220,2.3528357970,244.69350,0.0656,0.0554,0.1548
2134,45790.000000,41.6375996650,2.3528402770,245.79990,0.0679,0.0556,0.1576
2134,45791.000000,41.6375488470,2.3528464450,245.66310,0.0703,0.0565,0.1568
2134,45792.000000,41.6375016120,2.3528484060,245.40620,0.0690,0.0609,0.1512
2134,45793.000000,41.6374554430,2.3528584920,245.26520,0.0626,0.0530,0.1489
2134,45794.000000,41.6374297730,2.3528600460,245.30730,0.0601,0.0526,0.1499
2134,45795.000000,41.6374036410,2.3528646130,244.99490,0.0614,0.0527,0.1503
2134,45796.000000,41.6373876240,2.3528684450,244.78070,0.0613,0.0526,0.1507
2134,45797.000000,41.6373849810,2.3528644420,246.15040,0.0599,0.0526,0.1514
2134,45798.000000,41.6373806740,2.3528644930,246.44320,0.0600,0.0525,0.1487
2134,45799.000000,41.6373804440,2.3528649720,246.35100,0.0597,0.0523,0.1471
2134,45800.000000,41.6373804500,2.3528650700,246.32140,0.0598,0.0524,0.1471
2134,45801.000000,41.6373804780,2.3528651230,246.31910,0.0598,0.0524,0.1471
2134,45802.000000,41.6373804310,2.3528651830,246.31380,0.0599,0.0524,0.1471
2134,45803.000000,41.6373804850,2.3528652720,246.30430,0.0599,0.0525,0.1471
2134,45804.000000,41.6373787680,2.3528658930,246.27830,0.0601,0.0526,0.1472
2134,45805.000000,41.6373707220,2.3528641980,246.71520,0.0602,0.0527,0.1472
2134,45806.000000,41.6373617630,2.3528612760,247.13530,0.0603,0.0528,0.1472
2134,45807.000000,41.6373504400,2.3528637160,247.30720,0.0604,0.0528,0.1472
2134,45808.000000,41.6373413730,2.3528658300,247.35830,0.0604,0.0529,0.1472
2134,45809.000000,41.6373381170,2.3528661060,247.43980,0.0607,0.0532,0.1472
2134,45810.000000,41.6373358590,2.3528666530,247.49900,0.0611,0.0537,0.1472
2134,45811.000000,41.6373336320,2.3528708400,247.22130,0.0597,0.0521,0.1471
2134,45812.000000,41.6373337340,2.3528704460,247.25760,0.0597,0.0520,0.1471
2134,45813.000000,41.6373333760,2.3528703740,247.30630,0.0598,0.0520,0.1472
2134,45814.000000,41.6373303340,2.3528707740,247.35180,0.0598,0.0520,0.1472
2134,45815.000000,41.6373260700,2.3528715250,247.27450,0.0599,0.0520,0.1473
2134,45816.000000,41.6373212550,2.3528723870,247.24170,0.0599,0.0520,0.1473
2134,45817.000000,41.6373178810,2.3528731580,247.24320,0.0600,0.0520,0.1473
2134,45818.000000,41.6373129750,2.3528744850,247.22880,0.0601,0.0521,0.1473
2134,45819.000000,41.6373014120,2.3528766440,247.16520,0.0600,0.0520,0.1472
2134,45820.000000,41.6372789180,2.3528795710,247.14420,0.0601,0.0521,0.1472
2134,45821.000000,41.6372527240,2.3528814290,247.08830,0.0601,0.0521,0.1473
2134,45822.000000,41.6372219670,2.3528833120,247.06770,0.0602,0.0521,0.1473
2134,45823.000000,41.6371927560,2.3528871650,247.09640,0.0600,0.0519,0.1472
2134,45824.000000,41.6371654810,2.3528912790,247.15560,0.0601,0.0519,0.1472
2134,45825.000000,41.6371405690,2.3528938520,247.24120,0.0601,0.0519,0.1473
2134,45826.000000,41.6371186100,2.3528953090,247.25860,0.0602,0.0519,0.1474
2134,45827.000000,41.6371009670,2.3528963240,247.26610,0.0602,0.0519,0.1474
2134,45828.000000,41.6370855800,2.3528973030,247.23820,0.0602,0.0519,0.1475
2134,45829.000000,41.6370721870,2.3528985500,247.38140,0.0601,0.0519,0.1472
2134,45830.000000,41.6370582660,2.3529001910,247.34530,0.0601,0.0519,0.1472
2134,45831.000000,41.6370423670,2.3529015370,247.33340,0.0601,0.0519,0.1472
2134,45832.000000,41.6370196620,2.3529041180,247.33400,0.0601,0.0519,0.1473
2134,45833.000000,41.6369846550,2.3529082690,247.41020,0.0601,0.0519,0.1475
2134,45834.000000,41.6369466690,2.3529114100,247.79130,0.0601,0.0519,0.1477
2134,45835.000000,41.6369116060,2.3529136580,247.88920,0.0601,0.0519,0.1478
2134,45836.000000,41.6368867030,2.3529158000,247.95360,0.0601,0.0519,0.1482
2134,45837.000000,41.6368734090,2.3529168410,247.96700,0.0601,0.0519,0.1483
2134,45838.000000,41.6368696020,2.3529171250,247.94760,0.0601,0.0519,0.1484
2134,45839.000000,41.6368697810,2.3529171230,247.95110,0.0600,0.0519,0.1484
2134,45840.000000,41.6368697620,2.3529171420,247.96580,0.0600,0.0519,0.1482
2134,45841.000000,41.6368698420,2.3529170930,247.79990,0.0598,0.0518,0.1475
2134,45842.000000,41.6368699590,2.3529172250,247.77880,0.0597,0.0518,0.1475
2134,45843.000000,41.6368700080,2.3529173100,247.78740,0.0597,0.0518,0.1475
2134,45844.000000,41.6368700340,2.3529173200,247.79450,0.0597,0.0518,0.1475
2134,45845.000000,41.6368700760,2.3529173890,247.79310,0.0596,0.0518,0.1475
2134,45846.000000,41.6368701280,2.3529173930,247.78540,0.0596,0.0518,0.1475
2134,45847.000000,41.6368701960,2.3529174360,247.77640,0.0595,0.0518,0.1474
2134,45848.000000,41.6368702060,2.3529174960,247.76560,0.0595,0.0517,0.1474
2134,45849.000000,41.6368702520,2.3529175240,247.75650,0.0594,0.0517,0.1474
2134,45850.000000,41.6368702660,2.3529175710,247.75030,0.0594,0.0517,0.1474
2134,45851.000000,41.6368702460,2.3529176720,247.74530,0.0593,0.0517,0.1473
2134,45852.000000,41.6368702420,2.3529176670,247.74600,0.0593,0.0517,0.1473
2134,45853.000000,41.6368702230,2.3529176970,247.73360,0.0592,0.0517,0.1473
2134,45854.000000,41.6368701650,2.3529177600,247.71800,0.0592,0.0517,0.1472
2134,45855.000000,41.6368700940,2.3529177990,247.70460,0.0591,0.0517,0.1469
2134,45856.000000,41.6368700650,2.3529179500,247.66330,0.0590,0.0517,0.1468
2134,45857.000000,41.6368690320,2.3529181900,247.59920,0.0590,0.0518,0.1473
2134,45858.000000,41.6368641600,2.3529184770,247.58340,0.0590,0.0519,0.1488
2134,45859.000000,41.6368553430,2.3529191990,247.63190,0.0591,0.0520,0.1498
2134,45860.000000,41.6368357650,2.3529212530,247.45440,0.0591,0.0523,0.1523
2134,45861.000000,41.6368079820,2.3529188440,249.56220,0.0595,0.0558,0.1930
2134,45862.000000,41.6367808750,2.3529225880,249.24160,0.0594,0.0540,0.1695
2134,45863.000000,41.6367529360,2.3529230310,248.97540,0.0593,0.0525,0.1510
2134,45864.000000,41.6367233090,2.3529123070,248.90510,0.0594,0.0522,0.1423
2134,45865.000000,41.6366944040,2.3528839840,248.77670,0.0592,0.0521,0.1407
2134,45866.000000,41.6366773030,2.3528371340,248.68380,0.0589,0.0514,0.1379
2134,45867.000000,41.6366717270,2.3527842320,248.71970,0.0589,0.0510,0.1361
2134,45868.000000,41.6366681520,2.3527343330,248.78800,0.0589,0.0510,0.1360
2134,45869.000000,41.6366652840,2.3526930130,248.80750,0.0590,0.0509,0.1358
2134,45870.000000,41.6366634940,2.3526665150,248.80680,0.0590,0.0509,0.1353
2134,45871.000000,41.6366625580,2.3526530060,248.76910,0.0589,0.0506,0.1344
2134,45872.000000,41.6366622790,2.3526485750,248.78630,0.0589,0.0505,0.1346
2134,45873.000000,41.6366623460,2.3526487240,248.80500,0.0590,0.0505,0.1347
2134,45874.000000,41.6366624010,2.3526487590,248.81860,0.0590,0.0505,0.1349
2134,45875.000000,41.6366624370,2.3526487640,248.83050,0.0591,0.0505,0.1351
2134,45876.000000,41.6366624660,2.3526487500,248.84200,0.0591,0.0505,0.1352
2134,45877.000000,41.6366624700,2.3526487590,248.85220,0.0591,0.0505,0.1353
2134,45878.000000,41.6366625100,2.3526487620,248.86190,0.0592,0.0505,0.1354
2134,45879.000000,41.6366625180,2.3526487490,248.87040,0.0592,0.0505,0.1355
2134,45880.000000,41.6366625540,2.3526487410,248.87940,0.0592,0.0505,0.1356
2134,45881.000000,41.6366625660,2.3526487510,248.88010,0.0592,0.0505,0.1356
2134,45882.000000,41.6366625650,2.3526487540,248.88150,0.0592,0.0505,0.1357
2134,45883.000000,41.6366625730,2.3526487470,248.88120,0.0592,0.0505,0.1357
2134,45884.000000,41.6366625970,2.3526487240,248.87950,0.0592,0.0505,0.1357
2134,45885.000000,41.6366626070,2.3526487230,248.87560,0.0592,0.0505,0.1357
2134,45886.000000,41.6366626220,2.3526487610,248.86010,0.0592,0.0505,0.1357
2134,45887.000000,41.6366626130,2.3526487400,248.85660,0.0592,0.0505,0.1356
2134,45888.000000,41.6366625840,2.3526487460,248.84680,0.0592,0.0505,0.1356
2134,45889.000000,41.6366625970,2.3526486830,248.84040,0.0592,0.0505,0.1355
2134,45890.000000,41.6366625940,2.3526486850,248.82490,0.0592,0.0505,0.1354
2134,45891.000000,41.6366624480,2.3526475500,248.81450,0.0592,0.0505,0.1353
2134,45892.000000,41.6366612350,2.3526334950,248.82120,0.0592,0.0505,0.1352
2134,45893.000000,41.6366586260,2.3525967390,248.80140,0.0591,0.0505,0.1351
2134,45894.000000,41.6366550030,2.3525435150,248.77710,0.0591,0.0505,0.1350
2134,45895.000000,41.6366512580,2.3524832580,248.78060,0.0591,0.0505,0.1348
2134,45896.000000,41.6366495410,2.3524208700,248.42800,0.0591,0.0505,0.1346
2134,45897.000000,41.6366457590,2.3523442730,248.16050,0.0591,0.0505,0.1345
2134,45898.000000,41.6366416160,2.3522576810,247.89260,0.0591,0.0505,0.1343
2134,45899.000000,41.6366375650,2.3521622920,247.71810,0.0592,0.0506,0.1342
2134,45900.000000,41.6366347710,2.3520608490,247.44630,0.0595,0.0507,0.1340
2134,45901.000000,41.6366257830,2.3519544940,247.59090,0.0591,0.0505,0.1339
2134,45902.000000,41.6366184370,2.3518470090,247.70980,0.0595,0.0507,0.1341
2134,45903.000000,41.6366119500,2.3517403300,247.77950,0.0591,0.0507,0.1341
2134,45904.000000,41.6366050280,2.3516262380,247.81920,0.0591,0.0506,0.1342
2134,45905.000000,41.6365973630,2.3515081450,247.95320,0.0594,0.0507,0.1342
2134,45906.000000,41.6365899530,2.3513917990,248.18990,0.0597,0.0507,0.1342
2134,45907.000000,41.6365828960,2.3512810390,248.52860,0.0591,0.0504,0.1341
2134,45908.000000,41.6365761320,2.3511794190,248.90840,0.0592,0.0504,0.1341
2134,45909.000000,41.6365703330,2.3510876870,249.25810,0.0591,0.0504,0.1341
2134,45910.000000,41.6365656220,2.3510058690,249.59150,0.0592,0.0505,0.1342
2134,45911.000000,41.6365649030,2.3509335690,249.45060,0.0593,0.0505,0.1342
2134,45912.000000,41.6365613200,2.3508631530,249.55520,0.0593,0.0505,0.1342
2134,45913.000000,41.6365553290,2.3507962680,250.07600,0.0592,0.0504,0.1341
2134,45914.000000,41.6365507780,2.3507305760,250.47140,0.0592,0.0504,0.1341
2134,45915.000000,41.6365461740,2.3506639110,250.75330,0.0592,0.0504,0.1342
2134,45916.000000,41.6365412120,2.3506003680,250.96260,0.0593,0.0504,0.1342
2134,45917.000000,41.6365357740,2.3505202470,251.20520,0.0594,0.0504,0.1342
2134,45918.000000,41.6365310800,2.3504269640,251.24250,0.0594,0.0504,0.1342
2134,45919.000000,41.6365210050,2.3503208310,251.76220,0.0594,0.0504,0.1341
2134,45920.000000,41.6365125520,2.3502116150,252.29430,0.0594,0.0503,0.1341
2134,45921.000000,41.6365042220,2.3501024830,252.77740,0.0595,0.0504,0.1341
2134,45922.000000,41.6364954780,2.3499898900,253.28210,0.0595,0.0504,0.1341
2134,45923.000000,41.6364871090,2.3498768990,253.72500,0.0595,0.0504,0.1341
2134,45924.000000,41.6364787550,2.3497654130,254.22530,0.0595,0.0504,0.1341
2134,45925.000000,41.6364753180,2.3496593240,254.50260,0.0596,0.0504,0.1341
2134,45926.000000,41.6364770880,2.3495531780,254.85020,0.0597,0.0504,0.1342
2134,45927.000000,41.6364866040,2.3494535140,255.25810,0.0599,0.0505,0.1344
2134,45928.000000,41.6365058540,2.3493630390,255.20020,0.0602,0.0505,0.1350
2134,45929.000000,41.6365307010,2.3492833410,255.34900,0.0600,0.0505,0.1349
2134,45930.000000,41.6365481130,2.3492036060,255.70330,0.0598,0.0506,0.1338
2134,45931.000000,41.6365429710,2.3491203770,256.08060,0.0595,0.0503,0.1334
2134,45932.000000,41.6365155660,2.3490465120,256.38620,0.0594,0.0503,0.1332
2134,45933.000000,41.6364757890,2.3489845760,256.44790,0.0594,0.0503,0.1331
2134,45934.000000,41.6364432420,2.3489176020,256.31750,0.0594,0.0502,0.1330
2134,45935.000000,41.6364253440,2.3488398370,256.19830,0.0594,0.0502,0.1330
2134,45936.000000,41.6364162640,2.3487519800,256.10310,0.0595,0.0502,0.1330
2134,45937.000000,41.6364079240,2.3486592970,256.00900,0.0597,0.0502,0.1329
2134,45938.000000,41.6364009880,2.3485634140,255.95370,0.0599,0.0502,0.1329
2134,45939.000000,41.6363980940,2.3484644570,255.95270,0.0603,0.0502,0.1330
2134,45940.000000,41.6364000180,2.3483633460,256.04970,0.0606,0.0502,0.1330
2134,45941.000000,41.6364059720,2.3482605160,256.13820,0.0607,0.0502,0.1330
2134,45942.000000,41.6364144020,2.3481565300,256.24780,0.0608,0.0502,0.1330
2134,45943.000000,41.6364236220,2.3480515260,256.35420,0.0602,0.0502,0.1329
2134,45944.000000,41.6364341350,2.3479453930,256.49780,0.0604,0.0502,0.1329
2134,45945.000000,41.6364470810,2.3478397710,256.57540,0.0607,0.0502,0.1330
2134,45946.000000,41.6364589650,2.3477315040,256.73860,0.0620,0.0503,0.1331
2134,45947.000000,41.6364681750,2.3476240750,256.35690,0.0649,0.0503,0.1330
2134,45948.000000,41.6364849380,2.3475154010,256.26270,0.0581,0.0501,0.1330
2134,45949.000000,41.6365018030,2.3474043700,256.46170,0.0581,0.0503,0.1332
2134,45950.000000,41.6365230230,2.3472934720,256.75800,0.0581,0.0503,0.1333
2134,45951.000000,41.6365446230,2.3471822920,257.11180,0.0599,0.0507,0.1333
2134,45952.000000,41.6365582610,2.3470699810,257.35670,0.0587,0.0504,0.1333
2134,45953.000000,41.6365710600,2.3469585180,257.61300,0.0583,0.0503,0.1333
2134,45954.000000,41.6365835050,2.3468496270,257.69990,0.0585,0.0503,0.1328
2134,45955.000000,41.6365971820,2.3467430280,257.86740,0.0585,0.0501,0.1323
2134,45956.000000,41.6366103550,2.3466374770,257.95880,0.0586,0.0500,0.1321
2134,45957.000000,41.6366230490,2.3465323860,258.08980,0.0588,0.0500,0.1321
2134,45958.000000,41.6366353420,2.3464279250,258.14820,0.0590,0.0500,0.1320
2134,45959.000000,41.6366474310,2.3463256510,258.07500,0.0591,0.0500,0.1320
2134,45960.000000,41.6366612970,2.3462270500,257.92040,0.0593,0.0500,0.1319
2134,45961.000000,41.6366837980,2.3461344710,257.70960,0.0594,0.0499,0.1318
2134,45962.000000,41.6367176420,2.3460509300,257.50020,0.0596,0.0499,0.1318
2134,45963.000000,41.6367617210,2.3459785600,257.31050,0.0597,0.0500,0.1318
2134,45964.000000,41.6368128350,2.3459175550,256.83510,0.0599,0.0500,0.1318
2134,45965.000000,41.6368678880,2.3458581720,256.55390,0.0601,0.0500,0.1318
2134,45966.000000,41.6369261150,2.3457988340,256.33280,0.0602,0.0500,0.1318
2134,45967.000000,41.6369899590,2.3457413090,256.04620,0.0604,0.0500,0.1319
2134,45968.000000,41.6370564310,2.3456846400,255.59400,0.0606,0.0500,0.1319
2134,45969.000000,41.6371236230,2.3456258370,255.04840,0.0607,0.0500,0.1319
2134,45970.000000,41.6371913460,2.3455654540,254.44320,0.0609,0.0501,0.1320
2134,45971.000000,41.6372579230,2.3455036710,253.79490,0.0611,0.0501,0.1321
2134,45972.000000,41.6373231990,2.3454425820,253.18540,0.0613,0.0501,0.1322
2134,45973.000000,41.6373869710,2.3453853120,252.56150,0.0615,0.0501,0.1322
2134,45974.000000,41.6374539680,2.3453410430,251.35080,0.0616,0.0500,0.1321
2134,45975.000000,41.6375150220,2.3452947120,250.69230,0.0617,0.0500,0.1321
2134,45976.000000,41.6375745280,2.3452538950,250.14070,0.0619,0.0500,0.1321
2134,45977.000000,41.6376314980,2.3452168490,249.63940,0.0621,0.0500,0.1322
2134,45978.000000,41.6376857760,2.3451819730,249.27320,0.0622,0.0500,0.1322
2134,45979.000000,41.6377352420,2.3451493650,249.05460,0.0623,0.0500,0.1322
2134,45980.000000,41.6377809250,2.3451231340,248.92150,0.0625,0.0500,0.1322
2134,45981.000000,41.6378214200,2.3451010840,248.82070,0.0626,0.0499,0.1322
2134,45982.000000,41.6378587440,2.3450800830,248.59720,0.0628,0.0499,0.1322
2134,45983.000000,41.6378966200,2.3450524570,248.24470,0.0629,0.0499,0.1322
2134,45984.000000,41.6379332100,2.3450147070,247.95360,0.0631,0.0500,0.1322
2134,45985.000000,41.6379700390,2.3449727810,247.64950,0.0632,0.0500,0.1322
2134,45986.000000,41.6380113870,2.3449363760,247.30140,0.0634,0.0500,0.1322
2134,45987.000000,41.6380521060,2.3449047850,247.26750,0.0635,0.0500,0.1322
2134,45988.000000,41.6380950150,2.3448825900,247.09960,0.0636,0.0500,0.1322
2134,45989.000000,41.6381397140,2.3448687330,247.12800,0.0638,0.0500,0.1320
2134,45990.000000,41.6381878750,2.3448606280,247.42190,0.0640,0.0500,0.1321
2134,45991.000000,41.6382413300,2.3448595900,247.78900,0.0640,0.0499,0.1320
2134,45992.000000,41.6382992420,2.3448674310,247.92990,0.0641,0.0499,0.1322
2134,45993.000000,41.6383600210,2.3448843780,247.79590,0.0642,0.0499,0.1322
2134,45994.000000,41.6384228940,2.3449035180,247.99200,0.0643,0.0499,0.1322
2134,45995.000000,41.6384869930,2.3449265140,248.29340,0.0645,0.0500,0.1327
2134,45996.000000,41.6385481530,2.3449586120,248.34490,0.0646,0.0500,0.1330
2134,45997.000000,41.6386056960,2.3449970130,248.35560,0.0646,0.0499,0.1324
2134,45998.000000,41.6386616040,2.3450365990,248.43820,0.0647,0.0499,0.1324
2134,45999.000000,41.6387152630,2.3450774960,248.52440,0.0648,0.0499,0.1323
2134,46000.000000,41.6387663430,2.3451200090,248.65180,0.0649,0.0499,0.1323
2134,46001.000000,41.6388172570,2.3451589890,248.76720,0.0649,0.0499,0.1324
2134,46002.000000,41.6388669940,2.3451920220,248.92500,0.0650,0.0499,0.1323
2134,46003.000000,41.6389129410,2.3452197850,249.07240,0.0651,0.0499,0.1323
2134,46004.000000,41.6389514590,2.3452427460,249.20820,0.0651,0.0499,0.1323
2134,46005.000000,41.6389804140,2.3452662900,249.29660,0.0652,0.0499,0.1323
2134,46006.000000,41.6390015580,2.3452870400,249.36720,0.0653,0.0499,0.1322
2134,46007.000000,41.6390173020,2.3452958970,249.38940,0.0653,0.0499,0.1322
2134,46008.000000,41.6390289510,2.3452973430,249.41900,0.0653,0.0499,0.1322
2134,46009.000000,41.6390392830,2.3452942210,249.46410,0.0653,0.0499,0.1321
2134,46010.000000,41.6390454970,2.3452890880,249.57260,0.0653,0.0499,0.1321
2134,46011.000000,41.6390502710,2.3452832620,249.57250,0.0654,0.0499,0.1321
2134,46012.000000,41.6390548680,2.3452769200,249.55100,0.0654,0.0499,0.1321
2134,46013.000000,41.6390548240,2.3452774910,249.46860,0.0654,0.0499,0.1321
2134,46014.000000,41.6390549240,2.3452774460,249.42790,0.0654,0.0499,0.1321
2134,46015.000000,41.6390549170,2.3452773690,249.42730,0.0654,0.0499,0.1320
2134,46016.000000,41.6390548710,2.3452772560,249.43330,0.0654,0.0499,0.1319
2134,46017.000000,41.6390544450,2.3452775520,249.47000,0.0653,0.0499,0.1319
2134,46018.000000,41.6390488780,2.3452830470,249.49250,0.0653,0.0499,0.1320
2134,46019.000000,41.6390435600,2.3452895720,249.49630,0.0653,0.0500,0.1322
2134,46020.000000,41.6390404930,2.3452946110,249.53100,0.0653,0.0500,0.1322
2134,46021.000000,41.6390383700,2.3452987130,249.46220,0.0652,0.0499,0.1319
2134,46022.000000,41.6390362100,2.3453055490,249.46080,0.0652,0.0499,0.1318
2134,46023.000000,41.6390354490,2.3453108740,249.53970,0.0651,0.0499,0.1320
2134,46024.000000,41.6390353190,2.3453097720,249.53890,0.0651,0.0499,0.1320
2134,46025.000000,41.6390337850,2.3453005850,249.51320,0.0650,0.0499,0.1320
2134,46026.000000,41.6390230140,2.3452799720,249.42950,0.0649,0.0499,0.1320
2134,46027.000000,41.6389991320,2.3452580880,249.36100,0.0649,0.0499,0.1320
2134,46028.000000,41.6389662980,2.3452386100,249.27740,0.0648,0.0499,0.1320
2134,46029.000000,41.6389285680,2.3452177940,249.18520,0.0647,0.0499,0.1320
2134,46030.000000,41.6388834930,2.3451919450,249.03890,0.0646,0.0499,0.1319
2134,46031.000000,41.6388361880,2.3451607450,248.87330,0.0646,0.0499,0.1320
2134,46032.000000,41.6387872720,2.3451264270,248.72490,0.0645,0.0499,0.1319
2134,46033.000000,41.6387375030,2.3450875680,248.59850,0.0644,0.0498,0.1318
2134,46034.000000,41.6386878210,2.3450456450,248.54900,0.0643,0.0498,0.1318
2134,46035.000000,41.6386390950,2.3450010530,248.80300,0.0642,0.0498,0.1317
2134,46036.000000,41.6385893530,2.3449605090,248.76410,0.0641,0.0498,0.1316
2134,46037.000000,41.6385365580,2.3449286610,248.39000,0.0640,0.0498,0.1317
2134,46038.000000,41.6384828980,2.3449031200,248.81820,0.0640,0.0498,0.1317
2134,46039.000000,41.6384275820,2.3448834280,248.26750,0.0638,0.0498,0.1317
2134,46040.000000,41.6383737420,2.3448656550,247.91700,0.0636,0.0499,0.1319
2134,46041.000000,41.6383222000,2.3448505900,247.75870,0.0635,0.0499,0.1320
2134,46042.000000,41.6382741630,2.3448402250,247.63400,0.0633,0.0499,0.1321
2134,46043.000000,41.6382295310,2.3448355640,247.53730,0.0632,0.0499,0.1319
2134,46044.000000,41.6381873630,2.3448398160,247.28850,0.0630,0.0498,0.1319
2134,46045.000000,41.6381429950,2.3448550650,246.93000,0.0630,0.0497,0.1317
2134,46046.000000,41.6380984630,2.3448735450,247.23020,0.0628,0.0497,0.1318
2134,46047.000000,41.6380529470,2.3449005820,247.13140,0.0626,0.0497,0.1316
2134,46048.000000,41.6380095100,2.3449355780,247.44620,0.0624,0.0497,0.1315
2134,46049.000000,41.6379686310,2.3449774470,247.86560,0.0623,0.0497,0.1315
2134,46050.000000,41.6379230970,2.3450163380,248.29570,0.0623,0.0497,0.1315
2134,46051.000000,41.6378703030,2.3450481330,249.04630,0.0621,0.0497,0.1314
2134,46052.000000,41.6378127620,2.3450828330,249.43670,0.0618,0.0497,0.1313
2134,46053.000000,41.6377504160,2.3451200860,250.08320,0.0617,0.0497,0.1314
2134,46054.000000,41.6376844230,2.3451599850,251.00640,0.0615,0.0496,0.1314
2134,46055.000000,41.6376201360,2.3452018430,251.63760,0.0613,0.0496,0.1314
2134,46056.000000,41.6375585220,2.3452437810,252.09500,0.0612,0.0496,0.1314
2134,46057.000000,41.6374954110,2.3452899360,252.46690,0.0610,0.0497,0.1314
2134,46058.000000,41.6374306140,2.3453414460,252.93350,0.0608,0.0497,0.1314
2134,46059.000000,41.6373620580,2.3453952250,253.79990,0.0606,0.0497,0.1314
2134,46060.000000,41.6372927040,2.3454539900,254.38620,0.0605,0.0497,0.1314
2134,46061.000000,41.6372241160,2.3455163280,255.11510,0.0603,0.0498,0.1316
2134,46062.000000,41.6371556440,2.3455775890,255.68960,0.0601,0.0499,0.1316
2134,46063.000000,41.6370872460,2.3456395040,256.25030,0.0601,0.0501,0.1316
2134,46064.000000,41.6370192470,2.3456992970,256.77300,0.0600,0.0500,0.1316
2134,46065.000000,41.6369526780,2.3457583180,257.64140,0.0599,0.0500,0.1316
2134,46066.000000,41.6368863440,2.3458187380,258.19070,0.0601,0.0500,0.1317
2134,46067.000000,41.6368219500,2.3458807160,258.56500,0.0598,0.0500,0.1317
2134,46068.000000,41.6367626680,2.3459524420,258.88920,0.0598,0.0500,0.1317
2134,46069.000000,41.6367122270,2.3460388970,258.97160,0.0597,0.0499,0.1316
2134,46070.000000,41.6366742850,2.3461403290,259.11210,0.0597,0.0498,0.1316
2134,46071.000000,41.6366509470,2.3462549440,259.30610,0.0597,0.0497,0.1316
2134,46072.000000,41.6366329440,2.3463778840,259.49220,0.0598,0.0497,0.1317
2134,46073.000000,41.6366158270,2.3465058060,259.52960,0.0598,0.0497,0.1319
2134,46074.000000,41.6365999020,2.3466347940,259.37850,0.0598,0.0497,0.1319
2134,46075.000000,41.6365843260,2.3467638930,259.21940,0.0597,0.0497,0.1318
2134,46076.000000,41.6365685070,2.3468906570,259.07130,0.0597,0.0497,0.1318
2134,46077.000000,41.6365554040,2.3470130520,259.42940,0.0598,0.0497,0.1318
2134,46078.000000,41.6365412370,2.3471313760,259.78140,0.0598,0.0497,0.1318
2134,46079.000000,41.6365273790,2.3472440390,259.44190,0.0600,0.0497,0.1318
2134,46080.000000,41.6365116200,2.3473454870,259.35890,0.0605,0.0498,0.1319
2134,46081.000000,41.6365018470,2.3474401150,259.26410,0.0629,0.0498,0.1321
2134,46082.000000,41.6364906420,2.3475284540,259.22000,0.0641,0.0498,0.1324
2134,46085.000000,41.6364571360,2.3477728220,258.33870,0.0700,0.0500,0.1322
2134,46086.000000,41.6364452440,2.3478496940,258.44020,0.0695,0.0500,0.1325
2134,46087.000000,41.6364493810,2.3479344480,258.05190,0.0745,0.0506,0.1317
2134,46088.000000,41.6364330270,2.3480198680,257.78690,0.0676,0.0501,0.1315
2134,46089.000000,41.6364216950,2.3481118150,257.61680,0.0664,0.0500,0.1313
2134,46090.000000,41.6364138350,2.3482075220,257.47490,0.0663,0.0500,0.1312
2134,46091.000000,41.6364086210,2.3483024730,257.37370,0.0662,0.0500,0.1311
2134,46092.000000,41.6364046040,2.3483927810,257.33200,0.0665,0.0500,0.1312
2134,46093.000000,41.6364027000,2.3484763370,257.21460,0.0660,0.0500,0.1310
2134,46094.000000,41.6364009960,2.3485535810,257.24730,0.0669,0.0500,0.1311
2134,46095.000000,41.6363993570,2.3486236300,257.30290,0.0668,0.0500,0.1311
2134,46096.000000,41.6363983140,2.3486755590,257.37820,0.0668,0.0500,0.1310
2134,46097.000000,41.6363981830,2.3487052720,257.37400,0.0666,0.0500,0.1310
2134,46098.000000,41.6363984540,2.3487308110,257.39120,0.0663,0.0500,0.1310
2134,46099.000000,41.6364018520,2.3487685630,257.41250,0.0662,0.0500,0.1309
2134,46100.000000,41.6364124240,2.3488212130,257.48330,0.0661,0.0499,0.1309
2134,46101.000000,41.6364319900,2.3488819390,257.53300,0.0661,0.0499,0.1309
2134,46102.000000,41.6364563070,2.3489417850,257.64610,0.0661,0.0499,0.1309
2134,46103.000000,41.6364834880,2.3489989620,257.68890,0.0661,0.0499,0.1309
2134,46104.000000,41.6365136520,2.3490519200,257.54490,0.0661,0.0499,0.1309
2134,46105.000000,41.6365424460,2.3490957290,257.33170,0.0660,0.0499,0.1308
2134,46106.000000,41.6365639040,2.3491229250,257.44970,0.0660,0.0499,0.1308
2134,46107.000000,41.6365759660,2.3491359600,258.06300,0.0660,0.0499,0.1308
2134,46108.000000,41.6365832800,2.3491430170,258.07780,0.0660,0.0499,0.1308
2134,46109.000000,41.6365860890,2.3491454460,257.81460,0.0660,0.0499,0.1308
2134,46110.000000,41.6365904420,2.3491496270,257.56310,0.0660,0.0500,0.1308
2134,46111.000000,41.6365974040,2.3491553200,257.30790,0.0660,0.0500,0.1307
2134,46112.000000,41.6366055940,2.3491631410,257.00720,0.0660,0.0500,0.1307
2134,46113.000000,41.6366166850,2.3491782690,256.72760,0.0661,0.0500,0.1308
2134,46114.000000,41.6366292010,2.3492074550,256.41660,0.0663,0.0501,0.1309
2134,46115.000000,41.6366221350,2.3492482760,257.40200,0.0667,0.0503,0.1312
2134,46116.000000,41.6366212070,2.3493071260,258.58230,0.0687,0.0514,0.1327
2134,46117.000000,41.6366526740,2.3493568150,257.74070,0.0684,0.0502,0.1299
2134,46118.000000,41.6366554120,2.3494169370,256.22640,0.0684,0.0502,0.1311
2134,46119.000000,41.6366523980,2.3494716510,254.99060,0.0706,0.0503,0.1337
2134,46120.000000,41.6366657760,2.3495180600,255.89780,0.0741,0.0503,0.1390
2134,46121.000000,41.6366873580,2.3495546920,256.61490,0.0778,0.0509,0.1473
2134,46122.000000,41.6367073520,2.3495780640,259.11520,0.0835,0.0651,0.1454
2134,46123.000000,41.6367556940,2.3495988550,261.71450,0.0885,0.0579,0.1465
2134,46127.000000,41.6367804000,2.3496004510,260.57490,0.0745,0.0478,0.1404
2134,46128.000000,41.6367990060,2.3496021350,260.21010,0.0743,0.0478,0.1381
2134,46129.000000,41.6368230490,2.3496034620,260.02670,0.0743,0.0478,0.1369
2134,46130.000000,41.6368575270,2.3496050320,259.82150,0.0741,0.0477,0.1390
2134,46131.000000,41.6368963590,2.3496078390,259.28520,0.0741,0.0477,0.1421
2134,46132.000000,41.6369363940,2.3496116510,258.43640,0.0745,0.0478,0.1452
2134,46133.000000,41.6369747620,2.3496113210,260.83290,0.0750,0.0478,0.1371
2134,46134.000000,41.6370145830,2.3496136290,262.78470,0.0785,0.0499,0.1331
2134,46135.000000,41.6370875110,2.3496358480,265.21860,0.0830,0.0517,0.1337
2134,46139.000000,41.6372019490,2.3495929240,263.33400,0.0751,0.0482,0.1325
2134,46140.000000,41.6372189910,2.3495733360,263.55980,0.0749,0.0481,0.1306
2134,46141.000000,41.6372310880,2.3495664820,263.58160,0.0747,0.0476,0.1301
2134,46142.000000,41.6372343440,2.3495623420,263.78110,0.0747,0.0475,0.1300
2134,46143.000000,41.6372352920,2.3495614730,263.83080,0.0748,0.0475,0.1299
2134,46144.000000,41.6372374620,2.3495571480,263.88510,0.0749,0.0475,0.1299
2134,46145.000000,41.6372403950,2.3495493260,263.93110,0.0750,0.0475,0.1299
2134,46146.000000,41.6372419740,2.3495447640,263.96360,0.0750,0.0475,0.1299
2134,46147.000000,41.6372431000,2.3495355190,264.03250,0.0751,0.0475,0.1300
2134,46148.000000,41.6372399200,2.3495163000,264.13570,0.0752,0.0475,0.1300
2134,46149.000000,41.6372326290,2.3495021120,264.14040,0.0754,0.0475,0.1301
2134,46150.000000,41.6372296070,2.3494984950,264.14350,0.0754,0.0475,0.1301
2134,46151.000000,41.6372298670,2.3494985850,264.15160,0.0755,0.0475,0.1301
2134,46152.000000,41.6372300110,2.3494986620,264.16870,0.0755,0.0475,0.1302
2134,46153.000000,41.6372301450,2.3494986830,264.17750,0.0756,0.0475,0.1302
2134,46154.000000,41.6372303140,2.3494987360,264.18380,0.0756,0.0475,0.1302
2134,46155.000000,41.6372304140,2.3494987700,264.19040,0.0756,0.0475,0.1302
2134,46156.000000,41.6372305040,2.3494987550,264.19600,0.0756,0.0475,0.1302
2134,46157.000000,41.6372317260,2.3495014390,264.19880,0.0756,0.0475,0.1302
2134,46158.000000,41.6372346300,2.3495077930,264.17580,0.0756,0.0475,0.1303
2134,46159.000000,41.6372392510,2.3495144720,264.14790,0.0756,0.0475,0.1303
2134,46160.000000,41.6372450180,2.3495201850,264.17440,0.0756,0.0476,0.1304
2134,46161.000000,41.6372495560,2.3495233980,264.21130,0.0756,0.0476,0.1305
2134,46162.000000,41.6372542250,2.3495254690,264.24850,0.0756,0.0476,0.1305
2134,46163.000000,41.6372583530,2.3495266220,264.24630,0.0756,0.0476,0.1305
2134,46164.000000,41.6372584070,2.3495266580,264.26590,0.0755,0.0476,0.1304
2134,46165.000000,41.6372585030,2.3495268230,264.29330,0.0755,0.0475,0.1302
2134,46166.000000,41.6372585210,2.3495267800,264.27900,0.0754,0.0475,0.1302
2134,46167.000000,41.6372585280,2.3495267930,264.27070,0.0754,0.0475,0.1301
2134,46168.000000,41.6372585490,2.3495267960,264.26810,0.0753,0.0475,0.1301
2134,46169.000000,41.6372585780,2.3495267850,264.26830,0.0753,0.0475,0.1301
2134,46170.000000,41.6372586120,2.3495267750,264.26680,0.0752,0.0475,0.1301
2134,46171.000000,41.6372586030,2.3495268040,264.26660,0.0752,0.0475,0.1301
2134,46172.000000,41.6372548790,2.3495287990,264.24300,0.0751,0.0475,0.1301
2134,46173.000000,41.6372469160,2.3495357540,264.17780,0.0751,0.0476,0.1302
2134,46174.000000,41.6372403760,2.3495456830,264.09330,0.0750,0.0476,0.1302
2134,46175.000000,41.6372374570,2.3495521470,264.06150,0.0750,0.0476,0.1302
2134,46176.000000,41.6372350070,2.3495595410,264.01100,0.0749,0.0475,0.1302
2134,46177.000000,41.6372310120,2.3495706110,263.96080,0.0748,0.0475,0.1301
2134,46178.000000,41.6372276960,2.3495782640,263.90620,0.0747,0.0474,0.1301
2134,46179.000000,41.6372268630,2.3495802120,263.89440,0.0747,0.0474,0.1300
2134,46180.000000,41.6372250820,2.3495832150,263.86600,0.0746,0.0474,0.1300
2134,46181.000000,41.6372178980,2.3495911810,263.80270,0.0745,0.0475,0.1301
2134,46182.000000,41.6372006330,2.3496000660,263.66580,0.0744,0.0475,0.1304
2134,46183.000000,41.6371730170,2.3496045870,263.51020,0.0744,0.0475,0.1307
2134,46184.000000,41.6371366760,2.3496023000,263.42700,0.0744,0.0475,0.1314
2134,46185.000000,41.6370958790,2.3495967050,263.17680,0.0744,0.0476,0.1317
2134,46186.000000,41.6370488460,2.3495831860,264.78320,0.0745,0.0475,0.1298
2134,46187.000000,41.6370006170,2.3495761700,265.16850,0.0756,0.0476,0.1309
2134,46188.000000,41.6369597440,2.3495723940,265.14260,0.0764,0.0480,0.1299
2134,46189.000000,41.6369313230,2.3495664240,266.43650,0.0764,0.0478,0.1289
2134,46190.000000,41.6368918720,2.3495610210,263.90740,0.0748,0.0471,0.1294
2134,46191.000000,41.6368599270,2.3495814670,262.52970,0.0738,0.0474,0.1282
2134,46192.000000,41.6368478980,2.3496232050,261.97140,0.0738,0.0474,0.1280
2134,46193.000000,41.6368277040,2.3496614610,260.86850,0.0739,0.0476,0.1280
2134,46194.000000,41.6368082230,2.3497158220,259.61200,0.0754,0.0484,0.1279
2134,46195.000000,41.6368474110,2.3498107380,260.89990,0.0853,0.0487,0.1277
2134,46196.000000,41.6368415230,2.3498799650,260.26570,0.0780,0.0476,0.1276
2134,46197.000000,41.6368439320,2.3499542490,259.82060,0.0781,0.0472,0.1275
2134,46198.000000,41.6368659210,2.3500397980,259.97480,0.0810,0.0474,0.1276
2134,46199.000000,41.6368871800,2.3501260330,259.91730,0.0794,0.0472,0.1276
2134,46200.000000,41.6368917570,2.3502097220,259.64800,0.0792,0.0472,0.1275
2134,46201.000000,41.6368970750,2.3502927520,259.42430,0.0786,0.0470,0.1273
2134,46202.000000,41.6368982920,2.3503724520,259.05530,0.0777,0.0469,0.1273
2134,46203.000000,41.6369008930,2.3504493010,258.80890,0.0775,0.0469,0.1273
2134,46204.000000,41.6369038760,2.3505199660,258.58480,0.0777,0.0469,0.1273
2134,46205.000000,41.6369190820,2.3505880900,258.47090,0.0777,0.0470,0.1274
2134,46206.000000,41.6369234130,2.3506533230,258.20390,0.0793,0.0471,0.1275
2134,46207.000000,41.6369578590,2.3507265760,258.15450,0.0776,0.0470,0.1276
2134,46208.000000,41.6369709050,2.3507949180,257.57990,0.0770,0.0470,0.1276
2134,46209.000000,41.6369854100,2.3508628420,256.97490,0.0768,0.0470,0.1275
2134,46210.000000,41.6369980580,2.3509236540,256.51320,0.0767,0.0470,0.1274
2134,46211.000000,41.6370116700,2.3509803170,256.09200,0.0768,0.0470,0.1274
2134,46212.000000,41.6370233730,2.3510383300,255.63170,0.0771,0.0469,0.1275
2134,46213.000000,41.6370230880,2.3510968080,255.06730,0.0761,0.0469,0.1277
2134,46214.000000,41.6370300850,2.3511617350,254.35160,0.0742,0.0469,0.1280
2134,46215.000000,41.6370403100,2.3512338560,253.65220,0.0745,0.0469,0.1288
2134,46216.000000,41.6370474870,2.3513027500,252.72100,0.0754,0.0469,0.1301
2134,46217.000000,41.6370592540,2.3513571810,253.80380,0.0760,0.0469,0.1285
2134,46218.000000,41.6370675640,2.3514019660,254.83630,0.0778,0.0471,0.1286
2134,46219.000000,41.6370907860,2.3514531000,254.83180,0.0745,0.0471,0.1299
2134,46220.000000,41.6370952060,2.3515014140,254.10260,0.0739,0.0469,0.1279
2134,46221.000000,41.6371038710,2.3515567180,253.62360,0.0736,0.0468,0.1271
2134,46222.000000,41.6371162010,2.3516232730,253.32230,0.0735,0.0468,0.1269
2134,46223.000000,41.6371298910,2.3516995510,253.03370,0.0735,0.0468,0.1267
2134,46224.000000,41.6371429000,2.3517814910,252.81760,0.0733,0.0467,0.1265
2134,46225.000000,41.6371555510,2.3518671790,252.83320,0.0731,0.0466,0.1262
2134,46226.000000,41.6371654260,2.3519498640,252.86850,0.0729,0.0465,0.1262
2134,46227.000000,41.6371689380,2.3520268080,252.88610,0.0731,0.0465,0.1262
2134,46228.000000,41.6371698800,2.3520988960,252.85260,0.0734,0.0465,0.1262
2134,46229.000000,41.6371722560,2.3521747610,252.82810,0.0737,0.0465,0.1262
2134,46230.000000,41.6371752870,2.3522567810,253.06320,0.0741,0.0465,0.1262
2134,46231.000000,41.6371825630,2.3523411790,253.65550,0.0740,0.0465,0.1262
2134,46232.000000,41.6371900210,2.3524204940,254.34670,0.0745,0.0465,0.1262
2134,46233.000000,41.6371894770,2.3524919860,254.65640,0.0750,0.0465,0.1262
2134,46234.000000,41.6371933440,2.3525569180,254.58780,0.0753,0.0466,0.1262
2134,46235.000000,41.6371979140,2.3526143010,254.34650,0.0751,0.0466,0.1262
2134,46236.000000,41.6372002170,2.3526608840,254.06740,0.0753,0.0466,0.1262
2134,46237.000000,41.6372027120,2.3527000220,253.84910,0.0755,0.0466,0.1262
2134,46238.000000,41.6372074870,2.3527382820,253.68190,0.0758,0.0466,0.1262
2134,46239.000000,41.6372150640,2.3527771840,253.54900,0.0761,0.0466,0.1262
2134,46240.000000,41.6372229570,2.3528157430,253.48940,0.0765,0.0466,0.1262
2134,46241.000000,41.6372210620,2.3528402060,253.75770,0.0770,0.0466,0.1262
2134,46242.000000,41.6372193470,2.3528612730,253.93870,0.0778,0.0466,0.1262
2134,46243.000000,41.6372310430,2.3528919110,253.80970,0.0783,0.0466,0.1262
2134,46244.000000,41.6372269880,2.3529237310,253.80140,0.0785,0.0466,0.1261
2134,46245.000000,41.6372233990,2.3529680620,253.67300,0.0792,0.0466,0.1262
2134,46246.000000,41.6372296020,2.3530237810,253.61720,0.0796,0.0467,0.1262
2134,46247.000000,41.6372344940,2.3530910660,253.60150,0.0798,0.0467,0.1262
2134,46248.000000,41.6372345020,2.3531675820,253.62670,0.0813,0.0467,0.1262
2134,46249.000000,41.6372494600,2.3532480680,253.44610,0.0811,0.0467,0.1262
2134,46250.000000,41.6372508750,2.3533237140,253.40080,0.0808,0.0467,0.1262
2134,46251.000000,41.6372567650,2.3533978990,253.46030,0.0812,0.0467,0.1262
2134,46252.000000,41.6372613410,2.3534672860,253.46220,0.0813,0.0467,0.1262
2134,46253.000000,41.6372661200,2.3535301340,253.50990,0.0811,0.0467,0.1262
2134,46254.000000,41.6372680210,2.3535873770,253.50850,0.0813,0.0467,0.1262
2134,46255.000000,41.6372691750,2.3536373320,253.50440,0.0817,0.0467,0.1262
2134,46256.000000,41.6372682440,2.3536712090,253.47970,0.0820,0.0467,0.1262
2134,46257.000000,41.6372665830,2.3536893290,253.47110,0.0824,0.0467,0.1263
2134,46258.000000,41.6372650200,2.3536986970,253.44050,0.0827,0.0467,0.1263
2134,46259.000000,41.6372635020,2.3537048240,253.41720,0.0830,0.0467,0.1263
2134,46260.000000,41.6372618320,2.3537119040,253.40590,0.0833,0.0467,0.1263
2134,46261.000000,41.6372604600,2.3537153730,253.41460,0.0835,0.0467,0.1262
2134,46262.000000,41.6372591060,2.3537153610,253.38770,0.0838,0.0467,0.1262
2134,46263.000000,41.6372578040,2.3537161320,253.36010,0.0841,0.0467,0.1262
2134,46264.000000,41.6372562660,2.3537189990,253.32970,0.0843,0.0467,0.1262
2134,46265.000000,41.6372540090,2.3537323980,253.29580,0.0845,0.0467,0.1263
2134,46266.000000,41.6372527340,2.3537636400,253.27360,0.0848,0.0467,0.1263
2134,46267.000000,41.6372516430,2.3538120610,253.24770,0.0851,0.0467,0.1263
2134,46268.000000,41.6372500520,2.3538674520,253.25120,0.0852,0.0467,0.1263
2134,46269.000000,41.6372509550,2.3539234580,253.26830,0.0854,0.0467,0.1263
2134,46270.000000,41.6372533820,2.3539856980,253.29440,0.0855,0.0467,0.1263
2134,46271.000000,41.6372570610,2.3540508240,253.32570,0.0857,0.0467,0.1263
2134,46272.000000,41.6372608230,2.3541123680,253.35930,0.0858,0.0467,0.1263
2134,46273.000000,41.6372645590,2.3541700130,253.38260,0.0858,0.0467,0.1263
2134,46274.000000,41.6372694870,2.3542220150,253.43300,0.0859,0.0467,0.1263
2134,46275.000000,41.6372758610,2.3542696130,253.44780,0.0860,0.0467,0.1264
2134,46276.000000,41.6372811380,2.3543114850,253.44610,0.0861,0.0467,0.1264
2134,46277.000000,41.6372851990,2.3543427980,253.45300,0.0860,0.0467,0.1264
2134,46278.000000,41.6372872020,2.3543596100,253.47800,0.0860,0.0467,0.1264
2134,46279.000000,41.6372873380,2.3543635760,253.51680,0.0858,0.0467,0.1263
2134,46280.000000,41.6372864550,2.3543631100,253.51560,0.0858,0.0467,0.1263
2134,46281.000000,41.6372855690,2.3543606370,253.52480,0.0857,0.0467,0.1263
2134,46282.000000,41.6372833730,2.3543519990,253.44150,0.0855,0.0467,0.1262
2134,46283.000000,41.6372813190,2.3543424480,253.39430,0.0854,0.0467,0.1262
2134,46284.000000,41.6372794270,2.3543329680,253.34460,0.0853,0.0466,0.1262
2134,46285.000000,41.6372757170,2.3543212440,253.33170,0.0851,0.0466,0.1262
2134,46286.000000,41.6372698050,2.3543089770,253.35100,0.0850,0.0467,0.1262
2134,46287.000000,41.6372631870,2.3543015360,253.36320,0.0848,0.0467,0.1262
2134,46288.000000,41.6372581290,2.3542982440,253.35190,0.0846,0.0467,0.1262
2134,46289.000000,41.6372590430,2.3542989030,253.36060,0.0844,0.0467,0.1262
2134,46290.000000,41.6372720820,2.3543017730,253.38330,0.0841,0.0467,0.1262
2134,46291.000000,41.6372986290,2.3542984150,253.46380,0.0839,0.0467,0.1262
2134,46292.000000,41.6373309130,2.3542872270,253.45100,0.0838,0.0467,0.1260
2134,46293.000000,41.6373626280,2.3542770170,253.51810,0.0837,0.0468,0.1260
2134,46294.000000,41.6373987310,2.3542712600,253.82060,0.0838,0.0468,0.1263
2134,46295.000000,41.6374369110,2.3542646130,254.32820,0.0837,0.0468,0.1263
2134,46296.000000,41.6374759660,2.3542603170,255.01510,0.0836,0.0468,0.1268
2134,46297.000000,41.6375086220,2.3542583480,254.99570,0.0833,0.0468,0.1270
2134,46298.000000,41.6375340690,2.3542560000,254.86100,0.0832,0.0468,0.1271
2134,46299.000000,41.6375558920,2.3542533120,254.69560,0.0831,0.0468,0.1273
2134,46300.000000,41.6375760010,2.3542510640,254.90220,0.0831,0.0468,0.1270
2134,46301.000000,41.6375937810,2.3542492960,255.31650,0.0830,0.0468,0.1265
2134,46302.000000,41.6376087160,2.3542471960,255.77770,0.0828,0.0468,0.1263
2134,46303.000000,41.6376188540,2.3542457490,256.23670,0.0826,0.0468,0.1262
2134,46304.000000,41.6376239850,2.3542452990,256.22430,0.0824,0.0468,0.1260
2134,46305.000000,41.6376258620,2.3542452590,256.20980,0.0822,0.0467,0.1259
2134,46306.000000,41.6376274500,2.3542453670,256.21170,0.0821,0.0467,0.1257
2134,46307.000000,41.6376299980,2.3542453380,256.18830,0.0819,0.0467,0.1256
2134,46308.000000,41.6376378220,2.3542444030,255.88320,0.0817,0.0467,0.1257
2134,46309.000000,41.6376503710,2.3542417740,253.83650,0.0817,0.0467,0.1276
2134,46310.000000,41.6376646240,2.3542391610,253.80850,0.0815,0.0468,0.1266
2134,46311.000000,41.6376785130,2.3542368170,253.62110,0.0813,0.0468,0.1266
2134,46312.000000,41.6376885780,2.3542298530,254.16040,0.0811,0.0468,0.1265
2134,46313.000000,41.6377021850,2.3542280370,254.66080,0.0809,0.0468,0.1264
2134,46314.000000,41.6377151120,2.3542275660,254.93840,0.0807,0.0468,0.1262
2134,46315.000000,41.6377262760,2.3542288760,254.81750,0.0808,0.0468,0.1258
2134,46316.000000,41.6377225170,2.3542231530,254.74580,0.0806,0.0468,0.1283
2134,46317.000000,41.6377259970,2.3542224250,256.63990,0.0804,0.0468,0.1292
2134,46318.000000,41.6377287050,2.3542235080,258.13270,0.0803,0.0468,0.1297
2134,46319.000000,41.6377289850,2.3542240220,258.76900,0.0801,0.0468,0.1291
2134,46320.000000,41.6377280980,2.3542240730,258.96750,0.0799,0.0468,0.1270
2134,46321.000000,41.6377288290,2.3542269770,256.41860,0.0796,0.0468,0.1257
2134,46322.000000,41.6377292620,2.3542276650,255.68980,0.0794,0.0467,0.1256
2134,46323.000000,41.6377308920,2.3542274540,255.66880,0.0795,0.0467,0.1256
2134,46324.000000,41.6377338970,2.3542271010,255.89010,0.0794,0.0467,0.1257
2134,46325.000000,41.6377396060,2.3542290800,257.37790,0.0794,0.0467,0.1276
2134,46326.000000,41.6377435950,2.3542289040,257.08990,0.0794,0.0467,0.1275
2134,46327.000000,41.6377392000,2.3542218540,256.76170,0.0794,0.0467,0.1272
2134,46328.000000,41.6377413110,2.3542210750,257.43350,0.0793,0.0467,0.1273
2134,46329.000000,41.6377460580,2.3542204150,258.25970,0.0793,0.0468,0.1274
2134,46330.000000,41.6377571210,2.3542277400,256.90520,0.0793,0.0468,0.1262
2134,46331.000000,41.6377607770,2.3542271130,256.43580,0.0795,0.0468,0.1264
2134,46332.000000,41.6377618330,2.3542262110,256.13130,0.0795,0.0468,0.1263
2134,46333.000000,41.6377623140,2.3542259760,256.08210,0.0795,0.0467,0.1258
2134,46334.000000,41.6377627920,2.3542259320,256.13790,0.0795,0.0466,0.1256
2134,46335.000000,41.6377630600,2.3542258000,256.18580,0.0795,0.0466,0.1254
2134,46336.000000,41.6377629160,2.3542251610,256.28370,0.0795,0.0466,0.1252
2134,46337.000000,41.6377630500,2.3542253250,256.11180,0.0795,0.0466,0.1252
2134,46338.000000,41.6377631760,2.3542256120,255.84680,0.0795,0.0466,0.1252
2134,46339.000000,41.6377632640,2.3542260060,255.46330,0.0795,0.0466,0.1252
2134,46340.000000,41.6377639620,2.3542274070,254.83710,0.0795,0.0466,0.1253
2134,46341.000000,41.6377640520,2.3542270890,254.88320,0.0795,0.0466,0.1253
2134,46342.000000,41.6377641080,2.3542266980,254.98340,0.0795,0.0466,0.1253
2134,46343.000000,41.6377634890,2.3542251770,255.21610,0.0795,0.0466,0.1251
2134,46344.000000,41.6377631710,2.3542249830,254.56680,0.0795,0.0466,0.1253
2134,46345.000000,41.6377628580,2.3542248140,253.13920,0.0795,0.0467,0.1256
2134,46346.000000,41.6377684020,2.3542330850,249.50800,0.0796,0.0471,0.1272
2134,46347.000000,41.6377724510,2.3542329650,249.39080,0.0796,0.0472,0.1280
2134,46348.000000,41.6377778530,2.3542322330,249.35390,0.0796,0.0472,0.1287
2134,46349.000000,41.6377847150,2.3542306770,249.31210,0.0796,0.0472,0.1296
2134,46350.000000,41.6377927030,2.3542286550,249.49410,0.0796,0.0472,0.1305
2134,46351.000000,41.6378019050,2.3542276430,249.91290,0.0796,0.0471,0.1280
2134,46352.000000,41.6378110080,2.3542263140,249.95410,0.0797,0.0470,0.1270
2134,46353.000000,41.6378201980,2.3542270640,250.02970,0.0798,0.0469,0.1296
2134,46354.000000,41.6378306420,2.3542305430,250.12600,0.0799,0.0468,0.1285
2134,46355.000000,41.6378427350,2.3542419960,250.37690,0.0800,0.0468,0.1269
2134,46356.000000,41.6378415620,2.3542661460,250.99760,0.0872,0.0469,0.1276
2134,46357.000000,41.6379182880,2.3543219720,251.53270,0.1074,0.0475,0.1281
2134,46358.000000,41.6378785760,2.3543648930,250.21200,0.0903,0.0469,0.1273
2134,46359.000000,41.6378753150,2.3544134880,249.95070,0.0882,0.0469,0.1270
2134,46363.000000,41.6379729970,2.3545867060,251.98860,0.1058,0.0474,0.1289
2134,46364.000000,41.6379518120,2.3546108690,251.73710,0.0940,0.0469,0.1272
2134,46365.000000,41.6379576620,2.3546400240,251.90360,0.0926,0.0469,0.1271
2134,46366.000000,41.6379635340,2.3546650610,251.98870,0.0923,0.0469,0.1271
2134,46367.000000,41.6379707800,2.3546913400,252.02420,0.0923,0.0469,0.1270
2134,46368.000000,41.6379792270,2.3547206290,252.09990,0.0922,0.0468,0.1269
2134,46369.000000,41.6379938630,2.3547474630,252.49360,0.0921,0.0468,0.1267
2134,46370.000000,41.6380143510,2.3547678120,252.53910,0.0921,0.0467,0.1267
2134,46371.000000,41.6380454560,2.3547773800,252.67820,0.0920,0.0467,0.1266
2134,46372.000000,41.6380788520,2.3547727630,252.70240,0.0917,0.0467,0.1266
2134,46373.000000,41.6381096420,2.3547515290,252.72290,0.0916,0.0467,0.1265
2134,46374.000000,41.6381314650,2.3547142740,252.67500,0.0916,0.0467,0.1266
2134,46375.000000,41.6381377770,2.3546672690,252.60310,0.0918,0.0468,0.1267
2134,46376.000000,41.6381287290,2.3546194790,251.78600,0.0922,0.0469,0.1271
2134,46377.000000,41.6380813230,2.3545662070,251.16580,0.0923,0.0469,0.1275
2134,46379.000000,41.6381379020,2.3544948320,251.42860,0.1313,0.0480,0.1310
2134,46380.000000,41.6381945940,2.3544541590,252.86960,0.1437,0.0483,0.1324
2134,46381.000000,41.6382237500,2.3544032870,253.16970,0.1390,0.0484,0.1285
2134,46382.000000,41.6382213670,2.3543449340,252.71950,0.1362,0.0485,0.1297
2134,46387.000000,41.6381752500,2.3540218930,253.52420,0.1326,0.0484,0.1319
2134,46388.000000,41.6381558130,2.3539548210,253.04790,0.1328,0.0483,0.1287
2134,46389.000000,41.6381389650,2.3538887700,252.40220,0.1343,0.0484,0.1283
2134,46390.000000,41.6381264370,2.3538246220,252.39190,0.1320,0.0482,0.1282
2134,46391.000000,41.6381135650,2.3537647030,252.45910,0.1325,0.0482,0.1284
2134,46392.000000,41.6380996750,2.3537103340,252.34180,0.1338,0.0483,0.1291
2134,46393.000000,41.6380942690,2.3536643020,252.06430,0.1297,0.0480,0.1299
2134,46394.000000,41.6380825070,2.3536255270,251.02200,0.1343,0.0482,0.1311
2134,46395.000000,41.6380448630,2.3535927400,248.32230,0.1752,0.0500,0.1357
2134,46399.000000,41.6379957880,2.3534385420,243.84210,0.1093,0.0634,0.1295
2134,46400.000000,41.6379842110,2.3533635100,244.47170,0.1080,0.0521,0.1287
2134,46401.000000,41.6379740370,2.3532936650,244.65890,0.1039,0.0505,0.1320
2134,46402.000000,41.6379612660,2.3532244360,244.63990,0.1029,0.0502,0.1282
2134,46403.000000,41.6379474110,2.3531547630,244.45800,0.1032,0.0499,0.1261
2134,46404.000000,41.6379334460,2.3530857930,244.38000,0.1037,0.0498,0.1257
2134,46405.000000,41.6379205760,2.3530206330,244.38440,0.1040,0.0497,0.1252
2134,46406.000000,41.6379089610,2.3529650710,244.36050,0.1044,0.0497,0.1250
2134,46407.000000,41.6379015310,2.3529304060,244.36550,0.1048,0.0496,0.1250
2134,46408.000000,41.6378983540,2.3529137660,244.37360,0.1051,0.0496,0.1250
2134,46409.000000,41.6378973460,2.3529066490,244.38720,0.1055,0.0496,0.1251
2134,46410.000000,41.6378973680,2.3529049530,244.44280,0.1058,0.0496,0.1251
2134,46411.000000,41.6378980270,2.3529050340,244.50740,0.1060,0.0496,0.1249
2134,46412.000000,41.6378979710,2.3529024070,244.52060,0.1063,0.0496,0.1249
2134,46413.000000,41.6378968340,2.3528933390,244.52080,0.1066,0.0496,0.1249
2134,46414.000000,41.6378959300,2.3528780870,244.48480,0.1069,0.0496,0.1249
2134,46415.000000,41.6378970220,2.3528595130,244.45100,0.1071,0.0496,0.1249
2134,46416.000000,41.6379047390,2.3528380350,244.44570,0.1073,0.0496,0.1249
2134,46417.000000,41.6379212140,2.3528209330,244.52820,0.1075,0.0496,0.1250
2134,46418.000000,41.6379465900,2.3528123080,244.61310,0.1077,0.0496,0.1251
2134,46419.000000,41.6379808260,2.3528070350,244.61890,0.1078,0.0496,0.1251
2134,46420.000000,41.6380213340,2.3528009250,244.02800,0.1082,0.0497,0.1261
2134,46421.000000,41.6380646350,2.3527945090,244.11760,0.1083,0.0497,0.1262
2134,46422.000000,41.6381095780,2.3527899250,244.35060,0.1084,0.0497,0.1260
2134,46423.000000,41.6381559700,2.3527855060,244.28490,0.1084,0.0496,0.1252
2134,46424.000000,41.6382030030,2.3527809880,244.30700,0.1086,0.0496,0.1252
2134,46425.000000,41.6382516030,2.3527758360,244.55000,0.1087,0.0496,0.1254
2134,46426.000000,41.6383016750,2.3527704760,244.80440,0.1088,0.0496,0.1254
2134,46427.000000,41.6383518560,2.3527649570,244.64880,0.1088,0.0496,0.1258
2134,46428.000000,41.6384038710,2.3527593140,244.68800,0.1089,0.0496,0.1260
2134,46429.000000,41.6384585040,2.3527543760,244.60710,0.1088,0.0497,0.1262
2134,46430.000000,41.6385163860,2.3527505950,244.77690,0.1088,0.0497,0.1268
2134,46431.000000,41.6385758190,2.3527518080,244.94450,0.1089,0.0497,0.1274
2134,46432.000000,41.6386361430,2.3527595580,245.09670,0.1089,0.0497,0.1281
2134,46433.000000,41.6386956760,2.3527733480,245.17620,0.1088,0.0497,0.1287
2134,46434.000000,41.6387554820,2.3527896770,245.22730,0.1087,0.0497,0.1273
2134,46435.000000,41.6388173560,2.3528096180,245.31470,0.1087,0.0497,0.1250
2134,46436.000000,41.6388796400,2.3528339430,245.36970,0.1087,0.0497,0.1253
2134,46437.000000,41.6389414680,2.3528622490,245.44120,0.1085,0.0497,0.1250
2134,46438.000000,41.6390031100,2.3528901880,245.60180,0.1084,0.0497,0.1248
2134,46439.000000,41.6390633050,2.3529162630,245.82920,0.1083,0.0497,0.1245
2134,46440.000000,41.6391210460,2.3529416600,246.06230,0.1082,0.0497,0.1241
2134,46441.000000,41.6391760130,2.3529661840,246.15020,0.1079,0.0496,0.1236
2134,46442.000000,41.6392282670,2.3529896680,246.18640,0.1077,0.0496,0.1237
2134,46443.000000,41.6392773900,2.3530115820,245.91050,0.1076,0.0496,0.1239
2134,46444.000000,41.6393250910,2.3530345980,246.05350,0.1075,0.0496,0.1240
2134,46445.000000,41.6393715540,2.3530564930,246.42720,0.1074,0.0496,0.1239
2134,46446.000000,41.6394155190,2.3530788270,247.02320,0.1071,0.0496,0.1232
2134,46447.000000,41.6394515320,2.3531126920,247.42350,0.1068,0.0495,0.1228
2134,46448.000000,41.6394775800,2.3531580920,247.57420,0.1066,0.0495,0.1226
2134,46449.000000,41.6394975510,2.3532135550,247.73900,0.1064,0.0495,0.1225
2134,46450.000000,41.6395086250,2.3532793620,247.82210,0.1062,0.0495,0.1225
2134,46451.000000,41.6395118080,2.3533548420,247.87940,0.1060,0.0495,0.1224
2134,46452.000000,41.6395121550,2.3534389380,247.84470,0.1058,0.0495,0.1225
2134,46453.000000,41.6395138160,2.3535275630,248.21160,0.1054,0.0494,0.1221
2134,46454.000000,41.6395151660,2.3536197920,248.19270,0.1052,0.0494,0.1221
2134,46455.000000,41.6395189530,2.3537141910,248.27790,0.1049,0.0494,0.1220
2134,46456.000000,41.6395231580,2.3538108790,248.45320,0.1046,0.0494,0.1220
2134,46457.000000,41.6395125690,2.3538983180,249.26760,0.1053,0.0495,0.1221
2134,46458.000000,41.6395110010,2.3539990230,249.48050,0.1043,0.0495,0.1221
2134,46459.000000,41.6395022670,2.3541023300,249.42700,0.1048,0.0495,0.1221
2134,46460.000000,41.6395220330,2.3542048790,249.47110,0.1042,0.0495,0.1220
2134,46461.000000,41.6395271860,2.3543028670,249.60260,0.1037,0.0494,0.1220
2134,46462.000000,41.6395290830,2.3543972300,249.63860,0.1035,0.0494,0.1220
2134,46463.000000,41.6395292520,2.3544857410,249.70570,0.1038,0.0494,0.1220
2134,46464.000000,41.6395283320,2.3545699780,249.72020,0.1050,0.0495,0.1221
2134,46465.000000,41.6395232540,2.3546465090,250.25840,0.1019,0.0495,0.1224
2134,46466.000000,41.6394908630,2.3547265490,249.52240,0.1080,0.0498,0.1250
2134,46467.000000,41.6395079680,2.3548082830,249.64720,0.1198,0.0501,0.1250
2134,46468.000000,41.6395450150,2.3548910330,250.57180,0.1214,0.0502,0.1223
2134,46469.000000,41.6395601460,2.3549776040,250.81200,0.1226,0.0507,0.1229
2134,46471.000000,41.6395717190,2.3551404760,251.33910,0.1197,0.0490,0.1211
2134,46472.000000,41.6395757900,2.3552225910,251.48730,0.1195,0.0492,0.1223
2134,46473.000000,41.6395658190,2.3553063370,251.49000,0.1192,0.0491,0.1231
2134,46474.000000,41.6395658940,2.3553936940,251.28190,0.1198,0.0493,0.1238
2134,46477.000000,41.6395696930,2.3556585320,252.08100,0.1143,0.0539,0.1161
2134,46478.000000,41.6395693320,2.3557172330,252.11420,0.1136,0.0491,0.1191
2134,46479.000000,41.6395687990,2.3557695270,252.08960,0.1113,0.0483,0.1196
2134,46480.000000,41.6395689090,2.3558174760,251.87540,0.1115,0.0483,0.1204
2134,46481.000000,41.6395700630,2.3558641190,251.88440,0.1115,0.0483,0.1202
2134,46482.000000,41.6395714280,2.3559064730,251.97420,0.1115,0.0483,0.1168
2134,46483.000000,41.6395727030,2.3559494720,252.02080,0.1115,0.0482,0.1157
2134,46484.000000,41.6395745680,2.3560027180,251.97200,0.1121,0.0481,0.1154
2134,46485.000000,41.6395767910,2.3560685270,252.02410,0.1134,0.0482,0.1151
2134,46486.000000,41.6395770870,2.3561472800,252.04260,0.1136,0.0482,0.1151
2134,46487.000000,41.6395717750,2.3562287570,252.47680,0.1121,0.0482,0.1156
2134,46488.000000,41.6395700500,2.3563211620,252.23340,0.1128,0.0488,0.1167
2134,46489.000000,41.6395708540,2.3564149420,252.06580,0.1136,0.0511,0.1207
2134,46495.000000,41.6395557990,2.3570074720,252.84010,0.1059,0.0466,0.1098
2134,46496.000000,41.6395621190,2.3570994150,253.07870,0.1063,0.0450,0.1096
2134,46497.000000,41.6395745050,2.3571881570,253.14850,0.1045,0.0449,0.1096
2134,46498.000000,41.6395821180,2.3572720200,253.19570,0.1048,0.0448,0.1095
2134,46499.000000,41.6395845700,2.3573493350,253.26230,0.1055,0.0448,0.1095
2134,46500.000000,41.6395853310,2.3574164260,253.30690,0.1065,0.0449,0.1095
2134,46501.000000,41.6395857510,2.3574682980,253.35820,0.1020,0.0448,0.1095
2134,46502.000000,41.6395840410,2.3575087010,253.43720,0.1022,0.0448,0.1095
2134,46503.000000,41.6395812840,2.3575483580,253.50810,0.1024,0.0448,0.1095
2134,46504.000000,41.6395758720,2.3575961810,253.42240,0.1027,0.0448,0.1095
2134,46505.000000,41.6395649780,2.3576575890,253.35180,0.1029,0.0448,0.1095
2134,46506.000000,41.6395487150,2.3577305470,253.34460,0.1033,0.0448,0.1095
2134,46507.000000,41.6395336800,2.3578094160,253.37290,0.1039,0.0448,0.1095
2134,46508.000000,41.6395253450,2.3578895690,253.44200,0.1060,0.0448,0.1095
2134,46509.000000,41.6395354010,2.3579699770,253.52270,0.1262,0.0451,0.1096
2134,46510.000000,41.6394343790,2.3580354500,253.37980,0.2760,0.0487,0.1096
2134,46511.000000,41.6395301510,2.3581177820,253.56500,0.2227,0.0471,0.1096
2134,46512.000000,41.6395600500,2.3581981910,253.62150,0.1121,0.0449,0.1096
2134,46513.000000,41.6394769920,2.3582714000,253.54090,0.0545,0.0442,0.1096
2134,46514.000000,41.6394550120,2.3583524680,253.79140,0.0617,0.0443,0.1096
2134,46515.000000,41.6394603550,2.3584416020,254.11940,0.0603,0.0443,0.1096
2134,46516.000000,41.6394681720,2.3585325570,254.12010,0.0597,0.0443,0.1096
2134,46517.000000,41.6394787340,2.3586234080,253.93290,0.0569,0.0444,0.1096
2134,46518.000000,41.6394818360,2.3587107700,254.15890,0.0601,0.0443,0.1096
2134,46519.000000,41.6394912300,2.3588000070,254.23520,0.0523,0.0442,0.1096
2134,46520.000000,41.6394984090,2.3588883770,254.30990,0.0525,0.0442,0.1096
2134,46521.000000,41.6395053220,2.3589750020,254.37790,0.0526,0.0442,0.1096
2134,46522.000000,41.6395113570,2.3590550750,254.43780,0.0527,0.0442,0.1097
2134,46523.000000,41.6395162800,2.3591198260,254.46500,0.0527,0.0442,0.1097
2134,46524.000000,41.6395202520,2.3591654180,254.48860,0.0528,0.0442,0.1097
2134,46525.000000,41.6395227010,2.3591934460,254.48280,0.0529,0.0442,0.1097
2134,46526.000000,41.6395239490,2.3592084610,254.44400,0.0529,0.0443,0.1098
2134,46527.000000,41.6395247060,2.3592176750,254.41230,0.0520,0.0443,0.1098
2134,46528.000000,41.6395258020,2.3592199030,254.42110,0.0519,0.0443,0.1098
2134,46529.000000,41.6395263420,2.3592217720,254.41670,0.0521,0.0443,0.1099
2134,46530.000000,41.6395266820,2.3592230540,254.41780,0.0522,0.0443,0.1099
2134,46531.000000,41.6395270610,2.3592233650,254.39650,0.0525,0.0443,0.1099
2134,46532.000000,41.6395273780,2.3592233960,254.37410,0.0532,0.0443,0.1099
2134,46533.000000,41.6395276970,2.3592233690,254.35030,0.0527,0.0443,0.1100
2134,46534.000000,41.6395279950,2.3592234450,254.32610,0.0534,0.0443,0.1100
2134,46535.000000,41.6395286930,2.3592269390,254.29170,0.0534,0.0443,0.1100
2134,46536.000000,41.6395298970,2.3592392000,254.29380,0.0534,0.0444,0.1100
2134,46537.000000,41.6395316320,2.3592581920,254.26500,0.0520,0.0444,0.1099
2134,46538.000000,41.6395334830,2.3592775120,254.21530,0.0520,0.0444,0.1099
2134,46539.000000,41.6395352240,2.3592915210,254.18900,0.0518,0.0444,0.1099
2134,46540.000000,41.6395359480,2.3592943480,254.15740,0.0519,0.0444,0.1100
2134,46541.000000,41.6395361500,2.3592942380,254.13350,0.0519,0.0444,0.1100
2134,46542.000000,41.6395364050,2.3592942770,254.11320,0.0521,0.0444,0.1100
2134,46543.000000,41.6395367980,2.3592946010,254.08510,0.0523,0.0444,0.1101
2134,46544.000000,41.6395372000,2.3592981580,254.03320,0.0518,0.0444,0.1101
2134,46545.000000,41.6395415530,2.3593125700,253.94770,0.0519,0.0444,0.1101
2134,46546.000000,41.6395576030,2.3593385320,254.12500,0.0520,0.0445,0.1101
2134,46547.000000,41.6395890280,2.3593633850,254.24730,0.0521,0.0445,0.1101
2134,46548.000000,41.6396340920,2.3593761820,254.30290,0.0522,0.0445,0.1101
2134,46549.000000,41.6396864570,2.3593809980,254.29620,0.0523,0.0445,0.1101
2134,46550.000000,41.6397395320,2.3593826200,254.27860,0.0524,0.0445,0.1101
2134,46551.000000,41.6397991150,2.3593832160,254.26630,0.0524,0.0445,0.1101
2134,46552.000000,41.6398669480,2.3593832030,254.30160,0.0525,0.0445,0.1101
2134,46553.000000,41.6399436820,2.3593821010,254.30290,0.0526,0.0445,0.1102
2134,46554.000000,41.6400221060,2.3593811330,254.36980,0.0527,0.0446,0.1103
2134,46555.000000,41.6401020030,2.3593798000,254.56110,0.0528,0.0446,0.1105
2134,46556.000000,41.6401770870,2.3593816060,254.43010,0.0530,0.0447,0.1113
2134,46557.000000,41.6402494410,2.3593813960,254.45020,0.0532,0.0447,0.1116
2134,46558.000000,41.6403173280,2.3593809380,254.50050,0.0533,0.0447,0.1120
2134,46559.000000,41.6403804510,2.3593803940,254.63110,0.0534,0.0448,0.1120
2134,46560.000000,41.6404374340,2.3593734340,256.41780,0.0536,0.0448,0.1111
2134,46561.000000,41.6404931170,2.3593809910,255.44850,0.0536,0.0447,0.1102
2134,46562.000000,41.6405525300,2.3593821420,255.42650,0.0537,0.0447,0.1104
2134,46563.000000,41.6406172510,2.3593827960,255.46540,0.0538,0.0447,0.1103
2134,46564.000000,41.6406888790,2.3593827870,255.43410,0.0540,0.0448,0.1105
2134,46565.000000,41.6407689540,2.3593826220,255.54430,0.0541,0.0448,0.1106
2134,46566.000000,41.6408564700,2.3593815520,255.68510,0.0542,0.0448,0.1107
2134,46567.000000,41.6409519340,2.3593810480,255.67900,0.0541,0.0447,0.1106
2134,46568.000000,41.6410547900,2.3593801290,255.83780,0.0542,0.0446,0.1106
2134,46569.000000,41.6411626550,2.3593795810,255.99280,0.0543,0.0446,0.1107
2134,46570.000000,41.6412721310,2.3593810780,256.20090,0.0544,0.0446,0.1108
2134,46571.000000,41.6413815960,2.3593817160,256.56080,0.0545,0.0446,0.1109
2134,46572.000000,41.6414941520,2.3593777900,257.45120,0.0546,0.0447,0.1110
2134,46573.000000,41.6416051250,2.3593779920,257.43970,0.0546,0.0447,0.1111
2134,46574.000000,41.6417127550,2.3593761180,257.58180,0.0547,0.0447,0.1112
2134,46575.000000,41.6418157270,2.3593743720,257.77670,0.0548,0.0447,0.1113
2134,46576.000000,41.6419133560,2.3593735930,258.03410,0.0549,0.0447,0.1113
2134,46577.000000,41.6420057280,2.3593735720,258.22750,0.0551,0.0447,0.1115
2134,46578.000000,41.6420939150,2.3593739560,258.42090,0.0552,0.0447,0.1115
2134,46579.000000,41.6421758080,2.3593745500,258.60710,0.0551,0.0447,0.1115
2134,46580.000000,41.6422458020,2.3593752250,258.77440,0.0551,0.0447,0.1116
2134,46581.000000,41.6423011310,2.3593753590,258.89200,0.0552,0.0447,0.1117
2134,46582.000000,41.6423367220,2.3593755600,259.01200,0.0552,0.0447,0.1117
2134,46583.000000,41.6423509650,2.3593753630,259.00860,0.0552,0.0448,0.1118
2134,46584.000000,41.6423535470,2.3593753200,258.98370,0.0553,0.0448,0.1117
2134,46585.000000,41.6423534080,2.3593753520,258.95650,0.0553,0.0447,0.1115
2134,46586.000000,41.6423534440,2.3593753160,258.95430,0.0554,0.0447,0.1116
2134,46587.000000,41.6423534520,2.3593753290,258.96890,0.0554,0.0447,0.1118
2134,46588.000000,41.6423534520,2.3593753080,258.97760,0.0555,0.0447,0.1120
2134,46589.000000,41.6423534210,2.3593753110,258.98210,0.0555,0.0447,0.1121
2134,46590.000000,41.6423533580,2.3593753350,258.97150,0.0555,0.0447,0.1122
2134,46591.000000,41.6423533360,2.3593753070,258.97980,0.0555,0.0447,0.1123
2134,46592.000000,41.6423532950,2.3593752940,258.98240,0.0556,0.0447,0.1125
2134,46593.000000,41.6423532490,2.3593752910,258.98330,0.0556,0.0447,0.1126
2134,46594.000000,41.6423531730,2.3593753100,258.98640,0.0556,0.0446,0.1128
2134,46595.000000,41.6423530920,2.3593753140,258.99310,0.0556,0.0446,0.1129
2134,46596.000000,41.6423530150,2.3593753100,258.99450,0.0556,0.0446,0.1130
2134,46597.000000,41.6423529050,2.3593753160,258.99200,0.0556,0.0446,0.1131
2134,46598.000000,41.6423528170,2.3593753050,258.99450,0.0556,0.0446,0.1132
2134,46599.000000,41.6423527170,2.3593752950,258.99180,0.0555,0.0446,0.1132
2134,46600.000000,41.6423525870,2.3593753090,258.99070,0.0555,0.0446,0.1133
2134,46601.000000,41.6423524910,2.3593753230,258.99120,0.0554,0.0446,0.1134
2134,46602.000000,41.6423523640,2.3593753290,258.98640,0.0554,0.0446,0.1134
2134,46603.000000,41.6423522300,2.3593753170,258.98020,0.0553,0.0446,0.1134
2134,46604.000000,41.6423521070,2.3593753390,258.97700,0.0553,0.0446,0.1134
2134,46605.000000,41.6423519650,2.3593753410,258.97880,0.0552,0.0446,0.1134
2134,46606.000000,41.6423518250,2.3593753450,258.97020,0.0551,0.0446,0.1134
2134,46607.000000,41.6423516720,2.3593753550,258.96050,0.0550,0.0446,0.1134
2134,46608.000000,41.6423515410,2.3593753770,258.94710,0.0549,0.0446,0.1134
2134,46609.000000,41.6423513900,2.3593753850,258.93890,0.0548,0.0446,0.1133
2134,46610.000000,41.6423512200,2.3593753670,258.92850,0.0547,0.0445,0.1133
2134,46611.000000,41.6423510450,2.3593754020,258.91090,0.0546,0.0445,0.1132
2134,46612.000000,41.6423508520,2.3593754460,258.90010,0.0545,0.0445,0.1131
2134,46613.000000,41.6423506980,2.3593754490,258.88400,0.0544,0.0445,0.1130
2134,46614.000000,41.6423505150,2.3593754560,258.86960,0.0542,0.0445,0.1129
2134,46615.000000,41.6423503240,2.3593755210,258.85330,0.0541,0.0445,0.1128
2134,46616.000000,41.6423501430,2.3593755300,258.83840,0.0539,0.0445,0.1127
2134,46617.000000,41.6423499640,2.3593755280,258.82390,0.0538,0.0445,0.1125
2134,46618.000000,41.6423497810,2.3593755690,258.80530,0.0536,0.0445,0.1124
2134,46619.000000,41.6423495750,2.3593755870,258.79050,0.0535,0.0445,0.1122
2134,46620.000000,41.6423493750,2.3593756310,258.77050,0.0533,0.0444,0.1120
2134,46621.000000,41.6423491800,2.3593756270,258.74780,0.0531,0.0444,0.1119
2134,46622.000000,41.6423490230,2.3593756640,258.72460,0.0530,0.0444,0.1117
2134,46623.000000,41.6423487930,2.3593757020,258.69720,0.0528,0.0444,0.1115
2134,46624.000000,41.6423512300,2.3593756930,258.67550,0.0526,0.0444,0.1113
2134,46625.000000,41.6423702450,2.3593759310,258.73930,0.0524,0.0444,0.1110
2134,46626.000000,41.6424103800,2.3593750970,258.83830,0.0522,0.0444,0.1108
2134,46627.000000,41.6424619660,2.3593742490,258.98670,0.0520,0.0444,0.1109
2134,46628.000000,41.6425151090,2.3593735120,259.13690,0.0518,0.0443,0.1108
2134,46629.000000,41.6425796360,2.3593739320,259.24350,0.0516,0.0443,0.1108
2134,46630.000000,41.6426541410,2.3593733450,259.53710,0.0514,0.0443,0.1107
2134,46631.000000,41.6427374000,2.3593733540,259.67380,0.0513,0.0443,0.1107
2134,46632.000000,41.6428215990,2.3593723140,259.83200,0.0512,0.0444,0.1107
2134,46633.000000,41.6429111400,2.3593710690,260.04790,0.0510,0.0444,0.1108
2134,46634.000000,41.6430076420,2.3593704800,260.24040,0.0508,0.0444,0.1109
2134,46635.000000,41.6431025660,2.3593710140,260.28080,0.0507,0.0444,0.1112
2134,46636.000000,41.6431931220,2.3593713320,260.32410,0.0505,0.0444,0.1112
2134,46637.000000,41.6432762470,2.3593620030,262.66310,0.0503,0.0444,0.1111
2134,46638.000000,41.6433571020,2.3593597310,264.59480,0.0504,0.0444,0.1108
2134,46639.000000,41.6434367730,2.3593684050,266.14680,0.0502,0.0443,0.1117
2134,46640.000000,41.6435084340,2.3593686070,265.03530,0.0501,0.0442,0.1118
2134,46641.000000,41.6435818800,2.3593690420,264.33010,0.0499,0.0442,0.1110
2134,46642.000000,41.6436646260,2.3593691650,264.11740,0.0498,0.0442,0.1109
2134,46643.000000,41.6437538870,2.3593695460,264.02280,0.0497,0.0442,0.1110
2134,46644.000000,41.6438467850,2.3593698330,263.74770,0.0496,0.0443,0.1112
2134,46645.000000,41.6439459750,2.3593701600,263.60060,0.0496,0.0443,0.1112
2134,46646.000000,41.6440486200,2.3593627080,266.44760,0.0496,0.0444,0.1111
2134,46647.000000,41.6441630660,2.3593597540,268.52740,0.0496,0.0444,0.1113
2134,46648.000000,41.6442882440,2.3593616030,270.92250,0.0496,0.0444,0.1117
2134,46649.000000,41.6444172350,2.3593612740,271.77220,0.0496,0.0445,0.1119
2134,46650.000000,41.6445480690,2.3593586280,272.96710,0.0497,0.0445,0.1117
2134,46651.000000,41.6446797750,2.3593582410,273.24560,0.0495,0.0444,0.1122
2134,46652.000000,41.6448102450,2.3593547910,273.88370,0.0497,0.0446,0.1117
2134,46653.000000,41.6449422730,2.3593577610,272.79020,0.0492,0.0443,0.1111
2134,46654.000000,41.6450694310,2.3593461150,272.94780,0.0499,0.0437,0.1113
2134,46655.000000,41.6451948860,2.3593264690,273.49720,0.0499,0.0439,0.1114
2134,46656.000000,41.6453208360,2.3592913920,274.02730,0.0498,0.0446,0.1111
2134,46657.000000,41.6454466360,2.3592432850,274.29360,0.0494,0.0453,0.1109
2134,46658.000000,41.6455711530,2.3591691810,274.50440,0.0493,0.0439,0.1108
2134,46659.000000,41.6456957800,2.3590837010,274.65050,0.0493,0.0436,0.1107
2134,46660.000000,41.6458188320,2.3589959090,274.93710,0.0493,0.0436,0.1106
2134,46661.000000,41.6459445410,2.3589075660,275.12770,0.0494,0.0436,0.1107
2134,46662.000000,41.6460753610,2.3588159700,275.28150,0.0495,0.0436,0.1107
2134,46663.000000,41.6462108900,2.3587211680,275.45170,0.0495,0.0436,0.1107
2134,46664.000000,41.6463498070,2.3586230850,275.73340,0.0495,0.0436,0.1107
2134,46665.000000,41.6464881050,2.3585258370,275.99040,0.0495,0.0435,0.1107
2134,46666.000000,41.6466238450,2.3584298800,276.25460,0.0496,0.0435,0.1107
2134,46667.000000,41.6467569420,2.3583346890,276.51380,0.0496,0.0435,0.1108
2134,46668.000000,41.6468874510,2.3582397150,276.73510,0.0497,0.0436,0.1108
2134,46669.000000,41.6470164930,2.3581472180,276.97660,0.0497,0.0436,0.1108
2134,46670.000000,41.6471441580,2.3580569560,277.23680,0.0498,0.0436,0.1109
2134,46671.000000,41.6472693570,2.3579684170,277.51000,0.0498,0.0436,0.1110
2134,46672.000000,41.6473913890,2.3578821570,277.75630,0.0499,0.0436,0.1110
2134,46673.000000,41.6475085710,2.3577976440,278.05320,0.0499,0.0436,0.1110
2134,46674.000000,41.6476206010,2.3577127330,278.25380,0.0499,0.0436,0.1110
2134,46675.000000,41.6477277900,2.3576297550,278.44310,0.0499,0.0436,0.1110
2134,46676.000000,41.6478321600,2.3575568540,278.70490,0.0499,0.0436,0.1110
2134,46677.000000,41.6479329990,2.3575077880,278.91190,0.0499,0.0436,0.1110
2134,46678.000000,41.6480227390,2.3574776920,279.05160,0.0499,0.0436,0.1110
2134,46679.000000,41.6481014550,2.3574543650,279.17400,0.0499,0.0436,0.1110
2134,46680.000000,41.6481760410,2.3574359650,279.28740,0.0500,0.0436,0.1110
2134,46681.000000,41.6482490190,2.3574271190,279.44500,0.0499,0.0436,0.1110
2134,46682.000000,41.6483236220,2.3574194210,279.58360,0.0499,0.0436,0.1110
2134,46683.000000,41.6483890200,2.3573843270,279.75970,0.0499,0.0436,0.1110
2134,46684.000000,41.6484308970,2.3573170570,279.97810,0.0499,0.0436,0.1109
2134,46685.000000,41.6484407910,2.3572305920,280.24420,0.0499,0.0436,0.1109
2134,46686.000000,41.6484185480,2.3571457290,280.31570,0.0499,0.0436,0.1109
2134,46687.000000,41.6483910880,2.3570615600,280.23410,0.0499,0.0436,0.1109
2134,46688.000000,41.6483809220,2.3569682300,280.06730,0.0499,0.0436,0.1109
2134,46689.000000,41.6483817610,2.3568671990,279.80130,0.0498,0.0436,0.1108
2134,46690.000000,41.6483825360,2.3567593510,279.55170,0.0498,0.0436,0.1108
2134,46691.000000,41.6483829470,2.3566472090,279.26410,0.0498,0.0436,0.1109
2134,46692.000000,41.6483839940,2.3565242450,278.92180,0.0498,0.0436,0.1108
2134,46693.000000,41.6483847240,2.3563953840,278.64180,0.0498,0.0436,0.1108
2134,46694.000000,41.6483865750,2.3562673320,278.43540,0.0497,0.0436,0.1108
2134,46695.000000,41.6483883820,2.3561419170,278.24020,0.0497,0.0436,0.1107
2134,46696.000000,41.6483895910,2.3560197140,278.12420,0.0504,0.0436,0.1110
2134,46697.000000,41.6483886550,2.3558997680,277.87380,0.0513,0.0436,0.1112
2134,46698.000000,41.6483911670,2.3557843590,277.97130,0.0507,0.0436,0.1111
2134,46699.000000,41.6483959640,2.3556788690,278.06330,0.0504,0.0437,0.1108
2134,46700.000000,41.6484033660,2.3555899300,278.50410,0.0548,0.0438,0.1117
2134,46701.000000,41.6484064480,2.3555267100,278.75920,0.0546,0.0439,0.1117
2134,46702.000000,41.6484067370,2.3554742850,278.99830,0.0529,0.0438,0.1114
2134,46703.000000,41.6484071090,2.3554137910,279.07080,0.0523,0.0437,0.1111
2134,46704.000000,41.6484072060,2.3553371310,279.20710,0.0526,0.0437,0.1110
2134,46705.000000,41.6484080270,2.3552436490,279.55350,0.0502,0.0437,0.1107
2134,46706.000000,41.6484084020,2.3551356230,279.98610,0.0500,0.0437,0.1109
2134,46707.000000,41.6484096310,2.3550284850,280.55330,0.0498,0.0440,0.1113
2134,46708.000000,41.6484108800,2.3549177670,281.22330,0.0505,0.0453,0.1125
2134,46709.000000,41.6484128830,2.3547961310,282.06430,0.0499,0.0440,0.1116
2134,46711.000000,41.6484231050,2.3545547710,283.82790,0.0650,0.0533,0.1116
2134,46712.000000,41.6484223100,2.3544235190,284.65050,0.0566,0.0461,0.1110
2134,46713.000000,41.6484237200,2.3542932090,285.57830,0.0537,0.0449,0.1107
2134,46714.000000,41.6484237860,2.3541621750,286.49430,0.0537,0.0448,0.1107
2134,46715.000000,41.6484241910,2.3540358910,287.30910,0.0542,0.0448,0.1109
2134,46716.000000,41.6484252430,2.3539187410,288.03810,0.0564,0.0450,0.1113
2134,46717.000000,41.6484221390,2.3538101480,288.82690,0.0580,0.0450,0.1117
2134,46718.000000,41.6484248320,2.3537142340,289.52290,0.0598,0.0451,0.1124
2134,46719.000000,41.6484327830,2.3536311420,290.02550,0.0604,0.0451,0.1129
2134,46720.000000,41.6484461940,2.3535627480,290.44630,0.0607,0.0451,0.1131
2134,46721.000000,41.6484658410,2.3535069890,290.84930,0.0605,0.0451,0.1128
2134,46722.000000,41.6484949340,2.3534581170,291.14610,0.0595,0.0450,0.1119
2134,46723.000000,41.6485341960,2.3534159090,291.30900,0.0570,0.0449,0.1114
2134,46724.000000,41.6485733290,2.3533794770,291.70970,0.0553,0.0448,0.1110
2134,46725.000000,41.6486122820,2.3533479870,292.11740,0.0549,0.0448,0.1107
2134,46726.000000,41.6486522120,2.3533208990,292.55580,0.0548,0.0447,0.1106
2134,46727.000000,41.6486950000,2.3533041100,292.99330,0.0546,0.0447,0.1106
2134,46728.000000,41.6487352990,2.3532928790,293.40050,0.0546,0.0447,0.1105
2134,46729.000000,41.6487705720,2.3532877940,293.73070,0.0545,0.0447,0.1105
2134,46730.000000,41.6488015310,2.3532923350,293.97610,0.0545,0.0447,0.1105
2134,46731.000000,41.6488281270,2.3533016160,294.24070,0.0545,0.0447,0.1105
2134,46732.000000,41.6488559640,2.3533077640,294.50310,0.0545,0.0447,0.1104
2134,46733.000000,41.6488788400,2.3533105830,294.74530,0.0544,0.0447,0.1104
2134,46734.000000,41.6488973530,2.3533122370,294.96400,0.0544,0.0447,0.1104
2134,46735.000000,41.6489200520,2.3533133940,295.21950,0.0544,0.0447,0.1104
2134,46736.000000,41.6489452590,2.3533144120,295.48670,0.0544,0.0447,0.1104
2134,46737.000000,41.6489730370,2.3533121510,295.81890,0.0545,0.0447,0.1104
2134,46738.000000,41.6490032530,2.3533060570,296.20730,0.0545,0.0448,0.1104
2134,46739.000000,41.6490386560,2.3532987270,296.22200,0.0545,0.0448,0.1105
2134,46740.000000,41.6490760010,2.3532905940,296.46500,0.0546,0.0448,0.1105
2134,46741.000000,41.6491147640,2.3532816640,297.27270,0.0546,0.0448,0.1105
2134,46742.000000,41.6491588020,2.3532715640,297.90920,0.0546,0.0448,0.1105
2134,46743.000000,41.6492069540,2.3532481240,298.55060,0.0545,0.0448,0.1104
2134,46744.000000,41.6492572850,2.3532189250,299.16700,0.0545,0.0448,0.1103
2134,46745.000000,41.6493049410,2.3531904490,299.73460,0.0545,0.0448,0.1103
2134,46746.000000,41.6493467120,2.3531648980,300.19950,0.0545,0.0448,0.1103
2134,46747.000000,41.6493845780,2.3531426390,300.53570,0.0545,0.0448,0.1102
2134,46748.000000,41.6494223070,2.3531272330,300.79360,0.0545,0.0448,0.1102
2134,46749.000000,41.6494607750,2.3531202580,300.98050,0.0545,0.0448,0.1102
2134,46750.000000,41.6495062110,2.3531204680,301.14410,0.0545,0.0448,0.1103
2134,46751.000000,41.6495588130,2.3531274030,301.35630,0.0546,0.0448,0.1103
2134,46752.000000,41.6496093030,2.3531429320,301.64850,0.0545,0.0448,0.1102
2134,46753.000000,41.6496477330,2.3531666930,301.92360,0.0546,0.0448,0.1103
2134,46754.000000,41.6496763570,2.3531916170,302.11860,0.0546,0.0448,0.1103
2134,46755.000000,41.6497002180,2.3532177680,302.38200,0.0546,0.0448,0.1103
2134,46756.000000,41.6497286220,2.3532459190,302.62380,0.0546,0.0448,0.1103
2134,46757.000000,41.6497621140,2.3532783410,302.80860,0.0545,0.0448,0.1105
2134,46758.000000,41.6498015620,2.3533202060,302.86880,0.0544,0.0448,0.1105
2134,46759.000000,41.6498499460,2.3533691140,303.21810,0.0543,0.0448,0.1104
2134,46760.000000,41.6499033410,2.3534217470,303.73820,0.0542,0.0448,0.1103
2134,46761.000000,41.6499573650,2.3534720730,304.25300,0.0542,0.0448,0.1102
2134,46762.000000,41.6500115740,2.3535258170,304.78300,0.0541,0.0448,0.1101
2134,46763.000000,41.6500654240,2.3535834150,305.29170,0.0541,0.0448,0.1100
2134,46764.000000,41.6501162720,2.3536434640,305.67470,0.0541,0.0448,0.1100
2134,46765.000000,41.6501608190,2.3537005500,305.90760,0.0541,0.0448,0.1100
2134,46766.000000,41.6501948110,2.3537541630,306.00560,0.0540,0.0448,0.1101
2134,46767.000000,41.6502295150,2.3538029160,306.07960,0.0540,0.0449,0.1101
2134,46768.000000,41.6502720090,2.3538523700,306.23680,0.0542,0.0451,0.1103
2134,46769.000000,41.6503166430,2.3539043620,306.70120,0.0542,0.0450,0.1101
2134,46771.000000,41.6504148310,2.3540320940,307.00310,0.0544,0.0463,0.1101
2134,46772.000000,41.6504723440,2.3540890540,307.33980,0.0542,0.0450,0.1099
2134,46773.000000,41.6505349860,2.3541394220,307.43270,0.0540,0.0447,0.1097
2134,46774.000000,41.6505982380,2.3541838550,307.39320,0.0540,0.0447,0.1096
2134,46775.000000,41.6506667100,2.3542306090,306.46300,0.0541,0.0447,0.1096
2134,46776.000000,41.6507306990,2.3542670770,306.36000,0.0542,0.0448,0.1096
2134,46777.000000,41.6507917350,2.3542943310,306.29210,0.0538,0.0447,0.1095
2134,46778.000000,41.6508438670,2.3543157880,306.55120,0.0537,0.0447,0.1096
2134,46779.000000,41.6508901460,2.3543437700,306.82620,0.0539,0.0448,0.1098
2134,46780.000000,41.6509411010,2.3543756220,307.11490,0.0543,0.0452,0.1103
2134,46781.000000,41.6510045910,2.3544014680,307.42460,0.0540,0.0452,0.1107
2134,46782.000000,41.6510670080,2.3544225690,307.55810,0.0538,0.0449,0.1098
2134,46783.000000,41.6511298400,2.3544311180,307.90850,0.0539,0.0453,0.1124
2134,46784.000000,41.6511870970,2.3544267480,308.64990,0.0538,0.0450,0.1116
2134,46785.000000,41.6512388400,2.3544140390,309.08660,0.0538,0.0449,0.1115
2134,46786.000000,41.6512933540,2.3543899140,309.59420,0.0540,0.0453,0.1130
2134,46789.000000,41.6514813540,2.3542826710,313.17840,0.0539,0.0448,0.1098
2134,46790.000000,41.6515461150,2.3542464840,313.70820,0.0539,0.0447,0.1095
2134,46791.000000,41.6516051320,2.3542164510,314.33460,0.0540,0.0451,0.1109
2134,46792.000000,41.6516551130,2.3541933800,314.72330,0.0540,0.0446,0.1094
2134,46793.000000,41.6516946970,2.3541719170,315.23610,0.0541,0.0450,0.1100
2134,46794.000000,41.6517332470,2.3541579520,315.47960,0.0540,0.0446,0.1091
2134,46795.000000,41.6517783610,2.3541492490,315.75770,0.0539,0.0446,0.1090
2134,46796.000000,41.6518317300,2.3541470400,316.12890,0.0539,0.0446,0.1090
2134,46797.000000,41.6518868240,2.3541428610,316.61080,0.0539,0.0447,0.1093
2134,46798.000000,41.6519355810,2.3541362370,317.14000,0.0539,0.0448,0.1099
2134,46799.000000,41.6519800520,2.3541285920,317.57460,0.0539,0.0448,0.1099
2134,46800.000000,41.6520255240,2.3541215060,318.02640,0.0539,0.0447,0.1101
